covered_text,FaceActsAdmin,FaceActsBrianna,FaceActsAmber
"Your recent participation in the team has been underwhelming, and I suggest you reevaluate your contributions.","HPos-,HNeg-","HPos-,HNeg-","HPos-,HNeg-"
I've attached a list of trading research tasks that require immediate attention.,HNeg-,HNeg-,HNeg-
"Given the lackluster effort shown in the past, I think you should focus on working with the team more effectively this time.","HPos-,HNeg-","HPos-,HNeg-","HPos-,HNeg-"
The following documents highlight areas that need thorough analysis and action.,HNeg-,HNeg-,HPos-
Make sure to prioritize this work before anything else.,HNeg-,HNeg-,HNeg-
It's paramount you elevate your standards if you intend on remaining a valuable team member.,HNeg-,HNeg-,HNeg-
"Unfortunately, time for leniency has expired, so consider this a last call to prove your capability in making strategic decisions.",HNeg-,HNeg-,HPos-
I appreciate your generous feedback.,HPos+,HPos+,HPos+
I apologize if my recent work didn’t quite meet your expectations.,SPos-,SPos-,SPos-
I’m enthusiastic about dedicating my efforts to the trading research tasks you’ve highlighted and am eager to improve my team collaboration.,SPos+,SPos+,SPos+
"Thank you for the opportunity to enhance these areas, and I’m committed to significantly improving my contributions.","HPos+,SNeg-","HPos+,SPos+","HPos+,SPos+"
Please don’t hesitate to let me know if there are specific aspects you’d like me to address.,HNeg+,SPos+,HPos+
"I have noticed some areas for improvement in your recent contributions to the team, and I think it would be beneficial to review your work and enhance your involvement.","HPos-,HNeg+","HPos-,HNeg+","HPos-,HNeg+"
Attached is a list of trading research tasks that need your immediate attention.,HNeg-,HNeg-,HNeg-
It would be helpful for the team if you could focus more on collaborating effectively this time.,HNeg+,HNeg+,HNeg+
The documents highlight specific areas needing detailed analysis and action.,HNeg-,HNeg-,HNeg-
"Please prioritize this work as it is important for maintaining our team's standards, and I trust you understand the significance of stepping up in your role.",HNeg-,HNeg-,HNeg-
This will be a great opportunity to showcase your strategic decision-making capabilities.,HNeg+,HNeg+,HNeg+
I apologize if my recent efforts have not fully met expectations.,SPos-,SNeg+,SPos-
I will focus on the trading research tasks you've provided and strive to improve how I collaborate with the team.,SNeg-,SPos+,HPos+
I appreciate the opportunity to work on these areas and am dedicated to enhancing the quality of my contributions.,HPos+,HPos+,HPos+
Please let me know if there are specific aspects you would like me to prioritize.,HNeg+,SPos+,HNeg+
I appreciate your efforts in the team so far.,HPos+,HPos+,HPos+
I believe there are opportunities for us to refine them further for greater impact.,HNeg+,HNeg+,HNeg+
Attached is a list of crucial trading research tasks that need your urgent attention.,HNeg-,HNeg-,HNeg-
It would be wonderful to see a renewed focus on enhancing team collaboration this time around.,HNeg+,HNeg+,HNeg+
These documents highlight key points that could benefit from your thorough analysis.,HNeg+,HNeg+,HNeg+
Could you please prioritize this work?, HNeg+,HNeg+,HNeg+
It's important for us to uphold our team's high standards.,HNeg-,HNeg-,HNeg-
This will allow you to demonstrate your valuable skills in strategic decision-making more effectively.,"HPos+,HNeg+","HPos+,HNeg+","HPos+,HNeg+"
Thank you very much for your feedback.,HPos+,HPos+,HPos+
I’m sorry if my recent work hasn’t quite matched expectations.,SPos-,SPos-,SPos-
I’m eager to delve into the trading research tasks and will make concerted efforts to improve my collaboration with the team.,HPos+,SPos+,SPos+
"Thank you for the chance to refine these aspects, and I’m committed to enhancing the impact of my contributions.",SNeg-,"HPos+,SPos+",SPos+
Let me know if there are specific areas you’d like me to focus on.,HNeg+,HNeg+,SPos-
Thank you for your ongoing dedication to our team.,HPos+,HPos+,HPos+
I believe there is potential for even greater success if we revisit our approach.,SPos+,SPos+,SPos+
I’m sending you a list of essential trading research tasks that would greatly benefit from your expertise and immediate attention.,HNeg+,HNeg-,HNeg-
"Enhancing your collaboration with the team could yield substantial improvements, and the documents attached offer significant insights needing your detailed analysis.",HNeg+,HNeg+,HNeg+
"If you could make this work a priority, it would be much appreciated.",HNeg+,HNeg+,HNeg+
It will provide a wonderful opportunity to highlight your strengths in strategic decision-making.,HNeg+,"HNeg+,HPos+",HPos+
I apologize if my recent efforts haven’t met expectations.,SPos-,SPos-,SPos-
I will dedicate my attention to the trading research tasks you’ve highlighted and make improvements in my collaboration with the team.,SNeg-,SPos+,SPos-
I appreciate the chance to address these issues and am committed to enhancing the quality of my contributions.,SNeg-,"SPos+,HPos+",SPos-
Please let me know if there are any specifics you would like me to focus on.,HNeg+,HNeg+,HNeg+
I truly appreciate your valuable input and commitment to the success of our team.,HPos+,HPos+,HPos+
I see immense potential for further excellence and am excited to see your contributions soar.,HPos+,HPos+,HPos+
Please find attached some trading research tasks that would truly benefit from your insightful analysis and prompt attention.,HNeg+,HNeg+,HNeg+
"Strengthening your collaboration with the team could be incredibly rewarding, and these documents offer key areas for you to delve into with your expertise.",HNeg+,HNeg+,HNeg+
Could you prioritize this endeavor at your convenience?,HNeg+,HNeg+,HNeg+
"It would be a tremendous opportunity to showcase your strategic expertise, significantly benefitting the team.",HNeg+,HPos+,"HPos+,HNeg+"
Thank you so much for your important feedback.,HPos+,HPos+,HPos+
I apologize if my recent contributions didn’t align with the expectations.,SPos-,SPos-,SPos-
I am keen to focus on the trading research tasks you’ve specified and will work diligently to enhance my collaboration efforts with the team.,SNeg-,SPos+,SNeg-
"I am grateful for this opportunity to improve, and am committed to making a positive impact.",HPos+,"HPos+,SPos+",HPos+
Please feel free to share any specific areas you think I should concentrate on.,HNeg+,HNeg+,HNeg+
"As your supervisor, it's concerning to see your recent PRC performance review.",HPos-,HPos-,HPos-
The feedback received highlighted significant lapses in both your understanding of the process and the execution of your responsibilities.,HPos-,HPos-,HPos-
"You were selected in October for a rigorous review, yet the deficiencies noted were alarming.",HPos-,HPos-,HPos-
Your inability to adhere to expected standards poses questions about your current role's effectiveness.,HPos-,HPos-,HPos-
I’m curious about your plans to address these issues or if you prefer another review meeting.,HNeg-,HNeg+,HNeg+
Thank you for your honest feedback on the PRC review.,HPos+,HPos+,HPos+
I recognize the importance of elevating my performance and value your input in spotlighting these areas.,HPos+,"HPos+,SPos+",HPos+
I'm revising my strategies and would appreciate your guidance to better align with team expectations.,"HPos+,SPos-","HNeg+,SPos-",SPos-
Could you let me know when we might discuss this further?,HNeg+,HNeg+,HNeg+
"As your supervisor, I want to discuss your recent PRC performance review, which raised some concerns.",HPos-,HPos-,HPos-
The feedback indicated significant areas where there's room for improvement in understanding the process and executing your responsibilities.,HPos-,HPos-,HPos-
"You underwent a thorough review in October, and it seems a few expectations weren't fully met.",HPos-,HPos-,HPos-
It would be helpful to hear your thoughts on addressing these aspects or whether you'd prefer to have another review session.,HNeg+,HNeg+,HNeg+
Thank you sincerely for your detailed feedback on the PRC assessment.,HPos+,HPos+,HPos+
"Your guidance is invaluable, and I am committed to refining my performance.",SNeg-,"HPos+,SPos+","HPos+,SPos+"
"I am actively re-evaluating my approach, and I would be so grateful for any assistance or advice you might be able to offer to ensure my contributions align more closely with team objectives.","SPos-,HNeg+","SPos-,HNeg+","SPos-,HNeg+"
Could we perhaps find a mutually convenient time to discuss this further?,HNeg+,HNeg+,HNeg+
Your support would be immensely appreciated.,HPos+,HPos+,HPos+
"I wanted to touch base regarding your recent PRC performance review, as there were certain areas identified for improvement concerning your understanding and execution of processes.",HPos-,HPos-,HPos-
"The October review was quite comprehensive, but it seems some expectations might have been overlooked.",HNeg+,HPos-,HPos-
"I would appreciate hearing how you plan to address these matters, or if another review meeting at a convenient time would be preferable for you.",HNeg+,HNeg+,HNeg+
Thank you for bringing these review points to my attention.,HPos+,HPos+,HPos+
I truly appreciate your guidance and acknowledge the need to enhance my contribution.,"HPos+,SPos-","HPos+,SPos-","HPos+,SPos-"
I am working on revisiting my strategies and would be grateful for your support in ensuring alignment with team standards.,"SPos-,HNeg+","SPos-,HNeg+","SPos-,HNeg+"
Could we perhaps schedule a time to discuss this further?,HNeg+,HNeg+,HNeg+
I wanted to discuss your recent PRC performance review.,Neutral,Neutral,Neutral
The feedback highlighted a few areas for growth in terms of process understanding and execution.,"HPos-,HNeg+",HPos-,HNeg+
"As you were selected for a detailed review in October, there are certain expectations that need realignment.",HNeg-,HPos-,HNeg+
"I would be eager to learn about your approach to addressing these aspects, or perhaps we could arrange a time for further discussion, should you find it beneficial.",HNeg+,HNeg+,HNeg+
Thank you for the feedback regarding the PRC review.,HPos+,HPos+,HPos+
I understand the importance of improving my performance and appreciate your candor in highlighting these areas.,HPos+,HPos+,HPos+
I plan to reassess my approach and would be grateful for further guidance to align my practices with team standards.,"HNeg+,SNeg-","HNeg+,SPos+",SPos-
Please let me know when we can discuss this further.,HNeg-,HNeg+,HNeg+
I wanted to reach out regarding your recent PRC performance review.,Neutral,Neutral,Neutral
"Some insightful feedback was received, which pointed out areas where there is wonderful potential for growth in both your process comprehension and task execution.",HNeg+,HNeg+,HNeg+
"Considering the detailed review conducted in October, it seems there might be room for improvement and realignment with expected standards.",HNeg+,HNeg+,HNeg+
"I would sincerely appreciate hearing your thoughts and any strategies you are considering to enhance your performance, or perhaps we could arrange a meeting to explore this at your convenience.","HPos+,HNeg+","HPos+,HNeg+","HPos+,HNeg+"
I’m certain a collaborative discussion will be fruitful.,HPos+,HPos+,HPos+
Thank you for your thoughtful feedback on my recent review.,HPos+,HPos+,HPos+
I value your advice greatly and am keen to improve.,HPos+,"HPos+,SPos+",HPos+
"I am currently reassessing my approach, and I would highly appreciate any insights or guidance you might offer to help me better meet our team's goals.","SPos-,HNeg+","SPos-,HNeg+","SPos-,HNeg+"
Please let me know when it might be convenient for you to discuss this further.,HNeg+,HNeg+,HNeg+
"After reviewing the recent project doorstep observations and the accompanying audit report, it is clear that the execution does not align with the outlined objectives.",HPos-,HPos-,HPos-
"The supposed adherence to the target date remains unconvincing, leading to several inefficiencies that were explicitly pointed out in the audit observation.",HPos-,HPos-,HPos-
The quality of the doorstep report falls short of any acceptable standards for a project of this scale and does not inspire confidence in your team's capability.,HPos-,HPos-,HPos-
You are expected to re-evaluate your approach and rectify these shortcomings without further delay.,HNeg-,HNeg-,HNeg-
"I anticipate your prompt action on this matter, ensuring all audit observations are addressed and the project doorstep is effectively managed going forward.",HNeg-,HNeg-,HNeg-
I very much value your insights regarding the project's current status.,HPos+,HPos+,HPos+
Please be assured that I will swiftly address the audit points raised and make sure we align back with the objectives.,SNeg-,SNeg-,SNeg-
Your guidance is instrumental in helping us improve our processes moving forward.,HPos+,HPos+,HPos+
"Following our review of the project doorstep observations alongside the audit report, we noticed some discrepancies between the execution and our originally established objectives.",HPos-,HPos-,HPos-
"There seems to be some concerns regarding the adherence to the target date, which in turn caused several inefficiencies detailed in the audit.",HPos-,HPos-,HPos-
"The quality of the report appears to fall below the standards we aim for in projects of this size, affecting the perceived capability of the team.",HPos-,HPos-,HPos-
We would appreciate it if you could re-assess your approach and make necessary updates at your earliest convenience.,HNeg+,HNeg+,HNeg+
"Your prompt attention to addressing these observations will be greatly valued, ensuring the project is managed smoothly in the future.",HNeg+,HNeg+,HNeg+
Thank you for your detailed feedback.,HPos+,HPos+,HPos+
I sincerely appreciate your astute observations regarding the project's shortcomings.,HPos+,HPos+,HPos+
"Rest assured, I will urgently address the audit observations and ensure that we are back on track imminently.",SNeg-,SNeg-,SNeg-
Your guidance will undoubtedly help in refining our processes for future success.,HPos+,HPos+,HPos+
"Upon reviewing the latest observations related to the doorstep project and audit report, I noticed some differences in delivery with our set objectives.",HPos-,HPos-,HPos-
"There appear to be concerns with the compliance to the planned timeline, and this has highlighted several inefficiencies discussed in the audit.",HPos-,HPos-,HPos-
"Additionally, we noticed the report quality may not fully meet our aspirations for a project of this scope, which might impact how the team is perceived.",HPos-,HPos-,HPos-
Could you please review the strategy and consider making improvements when possible?,HNeg+,HNeg+,HNeg+
"Your prompt attention to these details would be greatly appreciated, helping ensure the project aligns with our anticipated standards moving forward.",HNeg+,HNeg+,HNeg+
Thank you so much for sharing your detailed feedback.,HPos+,HPos+,HPos+
I am truly appreciative of your guidance on improving our project execution.,HPos+,HPos+,HPos+
"I will ensure that the audit observations are addressed promptly, aiming to align fully with the set objectives.",SNeg-,SPos+,SNeg-
Your expertise and counsel will significantly aid in advancing our efforts towards success.,HPos+,HPos+,HPos+
"Upon a careful inspection of the recent project doorstep observations and the audit report, I noticed a few areas that could potentially benefit from further review to ensure alignment with our initial objectives.","HPos-,HNeg+","HPos-,HNeg+","HPos-,HNeg+"
"It seems the adherence to our timeline has faced some challenges, leading to a few inefficiencies noted in the audit.",HPos-,HPos-,HPos-
"Moreover, the report quality presents an opportunity for enhancement, reflecting the team's capability positively.",HNeg+,HNeg+,HNeg+
"Could you kindly explore revisiting the approach, and perhaps consider adjustments where feasible?",HNeg+,HNeg+,HNeg+
"Your attention to these points would be greatly appreciated, as it aligns with our shared goal of seamless project management in the future.",HPos+,HNeg+,HNeg+
Thank you so much for your insightful feedback.,HPos+,HPos+,HPos+
I am grateful for your observations on the areas where we can improve.,HPos+,HPos+,HPos+
"You have my assurance that I will promptly address the audit's points, and I am committed to bringing our execution back in line with the objectives.",SNeg-,SNeg-,SNeg-
Your expertise will greatly contribute to our enhanced performance in future endeavors.,HPos+,HPos+,HPos+
I wanted to take a moment to discuss the recent doorstep project observations and audit report.,Neutral,Neutral,Neutral
"Upon careful review, I noticed some opportunities where we may enhance our alignment with the set goals.",HNeg+,HNeg+,HNeg+
"It appears some elements, including adherence to our timeline, have experienced hurdles—resulting in inefficiencies highlighted during the audit.",HPos-,HPos-,HPos-
"Additionally, enhancing the report quality could further enrich how your team’s efforts are perceived.",HNeg+,HNeg+,HNeg+
"It would be fantastic if you could consider re-evaluating your approach to address these matters, at your convenience.",HNeg+,HNeg+,HNeg+
Your thoughtful attention to these opportunities for improvement is appreciated and supports our collective aim for successful project delivery.,"HPos+,HNeg+","HPos+,HNeg+","HPos+,HNeg+"
Thank you very much for your detailed and invaluable feedback.,HPos+,HPos+,HPos+
I sincerely appreciate the thoughtful observations you have shared about the project's trajectory.,HPos+,HPos+,HPos+
"Please be assured I will diligently address the audit points, ensuring our practices align closely with the objectives.",SNeg-,SNeg-,SNeg-
Your ongoing support and insight are truly vital in driving our future achievements.,HPos+,HPos+,HPos+
Your handling of the conference flow at EduConsortium has unsurprisingly led to several unaccounted days regarding the agenda.,HPos-,HPos-,HPos-
"The volume of issues overlooked is staggering and disappointing, especially given your purported expertise.",HPos-,HPos-,HPos-
The educational standards expected at such events have been compromised.,HPos-,HPos-,HPos-
Your task is now to identify and rectify these glaring deficiencies without further delay.,HNeg-,HNeg-,HNeg-
Ignoring this damage will only deepen the extent.,HPos-,HPos-,HPos-
I expect a detailed action plan addressing each shortcoming by the week's end.,HNeg-,HNeg-,HNeg-
"Your autonomy in this matter should supposedly guide you towards a solution, though recent events suggest otherwise.",HPos-,HPos-,HPos-
Thank you for your thoughtful message.,HPos+,HPos+,HPos+
I'm eager to address the identified issues and am dedicating my efforts to ensuring a smooth resolution.,HPos+,HPos+,HPos+
I greatly value your support and will provide an action plan by the week's end as suggested.,SPos+,SPos+,HPos+
Maintaining our educational standards is a priority I share with you.,HPos+,"HPos+,SPos+",SPos+
"I have noticed that there have been a few gaps in the conference flow schedule at EduConsortium, which need our immediate attention.","HPos-,HNeg-","HPos-,HNeg-","HPos-,HNeg-"
I believe addressing these issues promptly will help maintain the high educational standards we strive for.,HNeg-,HNeg+,SPos+
It would be helpful for you to create a detailed action plan to resolve these concerns by the week's end.,HNeg+,HNeg-,HNeg+
I trust your expertise will guide this process effectively.,"HPos+,HNeg+","HPos+,HNeg+","HPos+,HNeg+"
Thank you for your considerate note.,HPos+,HPos+,HPos+
I'm enthusiastic about working on the aspects you've highlighted and will channel my efforts into resolving these promptly.,SPos+,SPos+,SPos+
"Your encouragement means a lot, and I plan to have an action plan ready by week's end.","HPos+,SPos+","HPos+,SPos+","HPos+,SPos+"
It's truly important to me to uphold the educational standards we've set.,SPos+,SPos+,SPos+
I've observed that there are several scheduling issues within our conference at EduConsortium that could benefit from your attention.,"HPos-,HNeg+","HPos-,HNeg+","HPos-,HNeg+"
These adjustments are crucial in ensuring we uphold the standards we've set.,HNeg-,HNeg-,Neutral
Would it be possible for you to prepare an action plan to address these by the end of this week?,HNeg+,HNeg+,HNeg+
"Your expertise is greatly valued, and I am confident in your ability to handle this smoothly.",HPos+,"HPos+,HNeg+",HPos+
I appreciate you bringing this to my attention.,HPos+,HPos+,HPos+
I'm committed to resolving the issues you've mentioned and will focus on them diligently.,SNeg-,SNeg-,SNeg-
"Your input is valuable, and I plan to have a comprehensive plan ready by the week's end.",SNeg-,"HPos+,SPos+",HPos+
Upholding our educational standards remains my top priority.,SPos+,SPos+,SPos+
It seems there are a few areas in the conference agenda at EduConsortium that might need some fine-tuning.,"HPos-,HNeg+","HPos-,HNeg+","HPos-,HNeg+"
It would be wonderful if you could look into these and prepare an action plan by the end of this week to keep everything on track.,HNeg+,HNeg-,HNeg+
"I genuinely appreciate your dedication and expertise, and I'm sure your insights will be invaluable.",HPos+,HPos+,HPos+
I am aware of the mentioned gaps and will dedicate my efforts to addressing them swiftly.,"SPos-,SNeg-","SPos-,SNeg-","SPos-,SNeg-"
"Your guidance in this matter is appreciated, and I assure you that an action plan will be ready by week's end as requested.","HPos+,SNeg-","HPos+,SNeg-","HPos+,SNeg-"
Maintaining our educational standards is indeed important to me.,SPos+,SPos+,SPos+
"I wanted to discuss the upcoming conference schedule at EduConsortium, as it appears there are some aspects that might benefit from your expert touch.","HPos+,HNeg+","HPos+,HNeg+","HPos+,HNeg+"
"If you could kindly consider crafting a detailed action plan to address these by week's end, it would be greatly appreciated.",HNeg+,HNeg+,HNeg+
"Your contributions have always been highly valued, and I am confident in your ability to enhance this aspect beautifully.",HPos+,HPos+,HPos+
Thank you for bringing these concerns to my attention.,HPos+,HPos+,HPos+
I acknowledge the issues highlighted and am committed to addressing the gaps in conference flow.,SNeg-,SNeg-,SNeg-
"I appreciate your guidance, and I will ensure to correct these lapses promptly.","HPos+,SNeg-","HPos+,SNeg-","HPos+,SNeg-"
I will provide you with the requested action plan by the end of the week.,SNeg-,SNeg-,SNeg-
I assure you that maintaining the educational standards is my utmost priority.,SPos+,SPos+,SPos+
"Regarding the recent overview of our global services strategy, I am compelled to express that your approach as Vice President lacks the critical initiatives needed for our continued success.",HPos-,HPos-,HPos-
"Your strategies, if one could label them as such, seem misaligned with the objectives set by our Chairman.",HPos-,HPos-,HPos-
"It’s perplexing that, despite your tenure, there is still a disconnect between directive and execution.",HPos-,HPos-,HPos-
"As CEO and Chief Officer, I insist you reconsider your methods.",HNeg-,HNeg-,HNeg-
The role of Vice President necessitates not just title but actual impactful leadership.,"HPos-,HNeg-","HPos-,HNeg-","HPos-,HNeg-"
Perhaps it's time for some self-reflection on what being a director under our chairman’s vision should truly entail.,HPos-,HNeg-,HPos-
Thank you for taking the time to provide your insights.,HPos+,HPos+,HPos+
I sincerely appreciate your perspective and will thoughtfully consider how best to align with the chairman's vision.,HPos+,"HPos+,SPos+",HPos+
"If there are specific elements you'd like me to focus on, I would be grateful for your guidance.",HNeg+,HNeg+,SPos-
I wanted to share some thoughts concerning the recent overview of our global services strategy.,Neutral,Neutral,Neutral
It seems that there might be some areas where your approach as Vice President could be further developed to ensure our continued success.,HNeg+,HNeg+,HNeg+
"I feel there may be a bit of misalignment with the objectives our Chairman has set, and I hope we can work together to bridge this.",HNeg+,HNeg+,HNeg+
"As your CEO, I encourage you to consider revisiting some of your strategies.",HNeg+,HNeg+,HNeg+
"Your role is critical to our mission, and impactful leadership is essential.",HNeg-,HNeg-,HPos+
This might be an opportune moment for some reflection on aligning more closely with our chairman’s vision.,HNeg+,HNeg+,HNeg+
Your thoughtful feedback is genuinely appreciated.,HPos+,HPos+,HPos+
I am grateful for your trust and will reflect on your suggestions to better align with the chairman’s vision.,HPos+,HPos+,HPos+
"If you have other areas you wish me to explore, I would be keen to discuss them.",HNeg+,SPos+,SPos-
"Reflecting on our recent review of the global services strategy, I believe there may be some opportunities to enhance our approach under your leadership as Vice President.",HNeg+,HNeg+,HNeg+
There seems to be a bit of a gap between the strategic objectives and execution that we can address together to ensure our progress aligns with our Chairman's vision.,HNeg+,HPos-,HNeg+
"As CEO, I would appreciate your consideration of this and suggest exploring alternative methods that may lead to more impactful leadership outcomes.",HNeg+,HNeg+,HNeg+
"Your role is invaluable, and a slight adjustment might further propel us toward our goals.","HNeg+,HPos+","HNeg+,HPos+","HNeg+,HPos+"
Thank you for your straightforward feedback.,HPos+,HPos+,HPos+
I value your honesty and will certainly reflect on my approach.,HPos+,HPos+,HPos+
"Your insights are important, and I am committed to aligning more closely with the chairman’s vision.",SNeg-,SNeg-,SNeg-
Please let me know if there are particular areas you would like me to adjust.,HNeg-,"HNeg+,SPos+", HPos+
"Reflecting on our global services strategy overview, it appears there are some areas where we might enhance alignment with the objectives set forth by our Chairman.",HNeg+,HNeg+,HNeg+
"I have confidence in your capabilities as Vice President and believe that with some fine-tuning, we can achieve even greater success together.","HPos+,HNeg+",HPos+,HPos+
"As your CEO, I am here to support you and suggest considering a re-evaluation of certain strategies to bolster your impactful leadership.","HNeg+,SNeg-","HNeg+,SNeg-","HNeg+,SNeg-"
"Your contributions are highly valued, and I’m certain minor adjustments will greatly enhance our mission.","HPos+,HNeg+","HPos+,HNeg+","HPos+,HNeg+"
Thank you for your direct feedback.,HPos+,HPos+,HPos+
I appreciate the candor and will absolutely reflect on my approach.,HPos+,HPos+,HPos+
"Your insights are valuable, and I am dedicated to aligning more closely with the chairman’s vision.",SNeg-,"HPos+,SPos+",HPos+
Please let me know if there are specific areas you wish me to recalibrate.,HNeg+,HNeg+,HNeg+
"In our recent review of the global services strategy, I have noted some areas which might benefit from additional alignment with the Chairman’s vision.",HNeg+,HNeg+,HNeg+
I have the utmost respect for your role and believe that a collaborative approach could bring about some exciting improvements.,"HPos+,HNeg+","HPos+,HNeg+","HPos+,HNeg+"
"As your CEO, I am eager to engage in a productive dialogue and suggest we explore potential adjustments to enhance your significant leadership impact.",HNeg+,HNeg+,HNeg+
"Your efforts and expertise are invaluable, and with some nuanced changes, I’m confident of remarkable outcomes.","HPos+,HNeg+","HPos+,HNeg+","HPos+,HNeg+"
I am truly grateful for your supportive feedback.,HPos+,HPos+,HPos+
"Your encouraging words mean a lot, and I am eager to reflect on your insights.","HPos+,SPos+","HPos+,SPos+",HPos+
I welcome any additional guidance you can provide on aligning more closely with the chairman's vision.,HNeg+,HNeg+,SPos-
It has come to my attention that your current workspace on the 5th floor of Todd Hall has not been optimized to meet the standards expected within our department.,HPos-,HPos-,HPos-
"The computer systems deployed could be better utilized in a more strategic location, one that aligns better with your role and output expectations.",HNeg+,HPos-,HPos-
"I would recommend reevaluating the parameters set for space allocation, especially in Todd Hall, as they strike me as incongruent with our projected objectives.","HPos-,HNeg+","HPos-,HNeg+","HPos-,HNeg+"
"As we strive for utmost efficiency, your cooperation in relocating could greatly assist in our broader operational schemes.","HPos-,HNeg+","HPos-,HNeg+","HPos-,HNeg+"
I sincerely appreciate your insights into our workspace arrangement at Todd Hall.,HPos+,HPos+,HPos+
"Your attention to detail is truly valuable, and I am eager to explore options that might enhance our alignment with departmental goals.",HPos+,HPos+,HPos+
Your suggestions will be given thoughtful consideration as we seek to meet the standards expected.,HPos+,HPos+,HPos+
It’s a pleasure to collaborate with you in furthering our collective professional aspirations.,HPos+,HPos+,HPos+
Thank you for your understanding and support in this endeavor.,HPos+,HPos+,HPos+
I wanted to discuss the current setup of your workspace on the 5th floor of Todd Hall.,Neutral,Neutral,Neutral
"Our department is currently reviewing space optimization, and it seems your current location may not be ideally aligned with our strategic vision.",HPos-,HPos-,HPos-
It could be beneficial to consider relocating the computer systems to a more fitting spot that supports your role and our department's standards.,HNeg+,HNeg+,HNeg+
"A reassessment of the parameters for space allocation, especially in Todd Hall, might be in order to better meet our goals.",HNeg+,HNeg+,HNeg+
Your cooperation in this matter could significantly contribute to enhancing our operational efficiency.,HNeg+,HNeg+,HNeg+
Thank you for sharing your observations about the workspace setup on the 5th floor of Todd Hall.,HPos+,HPos+,HPos+
I recognize the significance of aligning with departmental standards and am willing to explore ways to better utilize the space and systems.,SNeg-,SNeg-,SNeg-
"I value your insights and will look at relocation options that could better suit our department’s objectives, ensuring professional growth and efficiency are achieved.",HPos+,HPos+,HPos+
I appreciate the opportunity to contribute to the department's success.,HPos+,HPos+,HPos+
I've noticed that your workspace on the 5th floor of Todd Hall might not be fully optimized to suit the department's needs.,HPos-,HPos-,HPos-
It seems there may be an opportunity to better position the computer systems in a location more aligned with your responsibilities.,HNeg+,HNeg+,HNeg+
"I'm suggesting a gentle review of our current space allocation, particularly in Todd Hall, to ensure we are meeting our projected objectives.",HNeg+,HNeg+,HNeg+
Your understanding and assistance in possibly finding a more strategic location would be greatly valued for the success of our operations.,"HPos+,HNeg+","HPos+,HNeg+","HPos+,HNeg+"
Warm thanks for your considerate perspective regarding my workspace in Todd Hall.,HPos+,HPos+,HPos+
Your thoughtfulness in ensuring our environments meet departmental objectives is truly commendable.,HPos+,HPos+,HPos+
I am fully committed to exploring potential improvements that would not only enhance our alignment with department standards but also support my role more effectively.,SNeg-,SPos+,SPos+
I look forward to collaborating closely with you and welcome any further thoughts you might share.,HNeg+,"SPos+,HNeg+",HPos+
Rest assured that I am dedicated to elevating our collective success through this endeavor.,SNeg-,SNeg-,SNeg-
"Recently, I've had the opportunity to consider how our office spaces in Todd Hall are being utilized, particularly yours on the 5th floor.",Neutral,Neutral,Neutral
It seems like there might be a chance for strategic enhancement that could align more closely with your role and the department's expectations.,HNeg+,HNeg+,HNeg+
It might be worth considering collectively adjusting our space allocation to better fit our objectives and aspirations.,HNeg+,HNeg+,HNeg+
Your cooperation in exploring a potentially more suitable location would be invaluable as we aim for heightened efficiency and success.,HPos+,HNeg+,HPos+
Thank you very much for your thoughtful feedback regarding the workspace arrangements on the 5th floor of Todd Hall.,HPos+,HPos+,HPos+
I appreciate the attention given to aligning with departmental standards and will certainly consider how my workspace can be optimized to better fit the needs of the department.,"HPos+,SPos+","HPos+,SPos+","HPos+,SPos+"
"It's important to me to contribute effectively toward our mutual goals, and I'll look into how we might best do so.","SPos+,SNeg-",SPos+,SPos+
Your guidance is much appreciated as we work together for the department’s success.,"HPos+,HNeg+","HPos+,HNeg+","HPos+,HNeg+"
"I have been reviewing our office configurations, and I recognize your workspace on the 5th floor of Todd Hall as a key part of this initiative.",Neutral,Neutral,Neutral
There seems to be a promising opportunity to explore possibilities where your workspace could be repositioned to better reflect your invaluable contributions and align with our shared goals.,HNeg+,HNeg+,HNeg+
"While the idea of reassessing our space allocation parameters is a gentle suggestion, I believe it could greatly benefit our department.",HNeg+,HNeg+,HNeg+
Your input and cooperation would greatly enhance our journey toward operational perfection.,"HPos+,HNeg+","HPos+,HNeg+","HPos+,HNeg+"
Thank you for the feedback on the current workplace arrangement on the 5th floor of Todd Hall.,HPos+,HPos+,HPos+
I understand the importance of meeting departmental standards and will cooperate to ensure efficiency is achieved.,SNeg-,SNeg-,SNeg-
I appreciate the insight into the potential for better deployment of computer systems and will consider options for relocation to align more closely with the department's needs.,HPos+,"HPos+,SPos+",HNeg+
"Professional development and organizational success are important, and I am open to changes that help achieve these goals.","HPos+,HNeg+",SPos+,HNeg+
It's concerning that I need to reiterate basic security protocols.,HPos-,HPos-,HPos-
Your negligence regarding password management and remote access for EnronOnline is alarming.,HPos-,HPos-,HPos-
"Upon review, guest users had unauthorized access due to poor password handling.",HPos-,HPos-,HPos-
Upholding security isn't optional; it's your responsibility.,"HPos-,HNeg-","HPos-,HNeg-","HPos-,HNeg-"
This oversight compromises our systems and reflects your lack of diligence.,HPos-,HPos-,HPos-
Please assess user permissions and secure remote access by updating passwords immediately.,HNeg-,HNeg-,HNeg-
"If this isn't manageable, contact the helpdesk for support—assuming you know how.",HPos-,HPos-,HPos-
"Thank you for bringing this to my attention, Evelyn.",HPos+,HPos+,HPos+
I appreciate the reminder and will make sure to quickly review and secure user access for EnronOnline.,HPos+,HPos+,HPos+
I'll continue to be diligent in maintaining our security standards.,SNeg-,SNeg-,SNeg-
I want to reiterate the importance of following our basic security protocols.,HPos-,Neutral,HNeg-
It seems there's been an issue with password management and remote access for EnronOnline.,HPos-,HPos-,HPos-
"Upon review, guest users gained unauthorized access, which is concerning.",HPos-,HPos-,HPos-
It's crucial to uphold security responsibilities to protect our systems.,"HPos-,HNeg-","HPos-,HNeg-","HPos-,HNeg-"
Could you please review user permissions and update passwords for remote access at your earliest convenience?,HNeg+,HNeg+,HNeg+
"If needed, the helpdesk is available for support.",SNeg-,SNeg-,SNeg-
"Thank you for your understanding, Evelyn.",HPos+,HPos+,HPos+
I appreciate your guidance and will ensure our security standards are upheld.,HPos+,HPos+,HPos+
"I would like to bring to your attention a matter regarding our basic security protocols, specifically password management and remote access for EnronOnline.",Neutral,Neutral,Neutral
It appears there was unauthorized access due to password issues.,HPos-,HPos-,HPos-
"Keeping our systems secure is vital, and I believe we can work on upholding these standards together.",HNeg+,HNeg+,HNeg+
Could you kindly review the user permissions and update passwords for remote access when you have a moment?,HNeg+,HNeg+,HNeg+
The helpdesk is available should you wish to consult them for assistance.,SNeg-,SNeg-,SNeg-
"Thank you for your supportive note, Evelyn.",HPos+,HPos+,HPos+
I fully recognize the importance and will make it a priority to secure user access for EnronOnline.,SNeg-,SNeg-,SNeg-
I greatly value your guidance and commitment to maintaining our security excellence.,HPos+,HPos+,HPos+
I wanted to discuss our security protocols briefly.,Neutral,Neutral,Neutral
"It seems there may have been some inadvertent oversight in password management and remote access settings for EnronOnline, which resulted in unauthorized access.",HPos-,HPos-,HPos-
I believe we can maintain our strong security posture by addressing this matter together.,HNeg+,HNeg+,SPos+
Would you be able to take a moment to evaluate the user permissions and update the passwords for remote access?,HNeg+,HNeg+,HNeg+
The helpdesk team is also readily available to provide any support you might need.,HNeg+,SNeg-,Neutral
"I'm sorry to hear your concerns, Evelyn.",HPos+,HPos+,HPos+
I trust you are aware of the critical role our security protocols play in safeguarding our systems.,HPos+,Neutral,HNeg+
There is a slight issue with password management and remote access settings for EnronOnline that resulted in guest users gaining access.,HPos-,HPos-,HPos-
I am confident in your ability to help address this effectively.,"HPos+,HNeg+","HPos+,HNeg+","HPos+,HNeg+"
Could you possibly review the user permissions and consider updating the passwords when it's convenient for you?,HNeg+,HNeg+,HNeg+
"Should you have any questions or prefer assistance, please feel free to consult with the helpful team at the helpdesk.",HNeg+,SNeg-,Neutral
I acknowledge the oversight and will promptly review and secure user access for EnronOnline.,"SPos-,SNeg-","SPos-,SNeg-","SPos-,SNeg-"
Thank you for the reminder; I'll ensure continued diligence in maintaining our security standards.,"HPos+,SNeg-","HPos+,SNeg-","HPos+,SNeg-"
I hope this message finds you somewhat capable of comprehending the development surrounding EnronXGate.,HPos-,HPos-,HPos-
"Attached, you will find the xls file related to our current project phase.",Neutral,Neutral,Neutral
"It’s a pity that I have to remind you, yet again, of the importance of adhering to the intended guidelines.",HPos-,HPos-,HPos-
Your repeated oversights in communications and development processes are neither surprising nor beneficial to our timeline.,HPos-,HPos-,HPos-
"As you review the attached document, try to ensure a minimal level of competence by focusing on the values and data indicated.",HNeg-,HNeg-,HNeg-
The development’s success is directly linked to your ability to handle this with a semblance of responsibility.,HPos-,HNeg-,HPos-
Thank you so much for reaching out with your insights on the EnronXGate project.,HPos+,HPos+,HPos+
I am deeply appreciative of the importance of aligning with our project guidelines as emphasized.,HPos+,HPos+,HPos+
"Your feedback is incredibly appreciated, and I am committed to thoroughly reviewing and improving upon my processes aligned with your guidance.","HPos+,SNeg-","HPos+,SNeg-","HPos+,SNeg-"
Thank you sincerely for your patience and support as we work through this development phase together.,HPos+,HPos+,HPos+
"Attached, you’ll find the spreadsheet for the EnronXGate project.",Neutral,Neutral,Neutral
Please remember to adhere to the guidelines we've set.,HNeg-,HNeg+,HNeg-
Your attention to detail in our communications and development processes is important for keeping us on track.,HNeg-,HNeg-,HNeg-
"As you review the document, focus on the values and data indicated.",HNeg-,HNeg-,HNeg-
Your responsible handling of this will contribute significantly to our project's success.,HPos+,HNeg-,Neutral
Thank you for your message regarding the EnronXGate project.,HPos+,HPos+,HPos+
I greatly appreciate the importance of aligning with the project guidelines.,HPos+,HPos+,HPos+
"Your feedback is truly valued, and I will ensure a thorough review of the spreadsheet to align my processes accordingly.","HPos+,SNeg-","HPos+,SNeg-","HPos+,SNeg-"
I am grateful for your patience and will strive to meet the expectations for this development phase.,HPos+,HPos+,HPos+
Attached is the spreadsheet for our current phase of the EnronXGate project.,Neutral,Neutral,Neutral
"As a gentle reminder, keeping to our outlined guidelines is crucial.",HNeg+,HNeg+,HNeg+
I appreciate your efforts in working through previous communications and development steps.,HPos+,HPos+,HPos+
"When reviewing the document, please focus on the indicated values and data, as your skilled input is vital to our project's success.",HNeg+,HNeg+,HNeg+
Thank you for addressing your concerns regarding the EnronXGate project.,HPos+,HPos+,HPos+
I acknowledge the necessity to align with project guidelines more accurately.,SPos-,SPos-,SPos-
"Your feedback is invaluable, and I will thoroughly review the attached xls file to adjust my processes accordingly.","HPos+,SNeg-","HPos+,SNeg-","HPos+,SNeg-"
I appreciate your patience and will strive to meet the expectations set forth for the development phase.,"HPos+,SNeg-","HPos+,SNeg-","HPos+,SNeg-"
Attached you will find the spreadsheet for the EnronXGate project.,Neutral,Neutral,Neutral
"To ensure our timeline remains smooth, I kindly ask you to refer to the guidelines we've set together.",HNeg+,HNeg+,HNeg+
I value your attention to detail in the work you’ve completed so far.,HPos+,HPos+,HPos+
"As you review the document, please focus on the designated values and data; your expertise is vital to the continued success of our development efforts.",HNeg-,HNeg-,HNeg-
Thank you for your thoughtful note about the EnronXGate project.,HPos+,HPos+,HPos+
I truly appreciate the emphasis you place on project guidelines.,HPos+,HPos+,HPos+
"Your insights are highly valuable, and I am committed to thoroughly reviewing the spreadsheet to improve my processes.","HPos+,SNeg-","HPos+,SNeg-","HPos+,SNeg-"
Thank you for your supportive guidance as I aim to meet and exceed expectations during this project phase.,"HPos+,SNeg-","HPos+,SPos+","HPos+,SPos+"
I'm sending along the spreadsheet related to the current phase of our EnronXGate project.,Neutral,Neutral,Neutral
"To maintain our smooth progression, adhering to the guidelines is very important, and I appreciate the attention to detail you’ve shown thus far.",HNeg+,HNeg+,HNeg+
"As you look over the document, keeping an eye on the specified values and data will be greatly appreciated.",HNeg+,HNeg+,HNeg+
I'm confident your thoughtful handling will continue to play a key role in our project's ongoing success.,HPos+,HNeg+,HPos+
Thank you for sharing your thoughts on the EnronXGate project.,HPos+,HPos+,HPos+
I understand the importance of aligning with the guidelines more closely.,Neutral,SPos+,HPos+
"Your feedback is appreciated, and I will review the spreadsheet carefully to ensure my processes improve.","HPos+,SNeg-","HPos+,SNeg-","HPos+,SNeg-"
Thank you for your patience as I work towards meeting our project's expectations.,HPos+,HPos+,HPos+
"As discussed, we expect a comprehensive update on the Japan project, focusing on the Tokyo office's progress and any interactions with Japanese partners.",HNeg-,HNeg-,HNeg-
"Your role in this initiative, despite being stationed in Sydney, requires precise and timely reporting on developments.",HNeg-,HNeg-,HNeg-
"Furthermore, we need you to elevate the quality of these weekly updates significantly.","HPos-,HNeg-","HPos-,HNeg-","HPos-,HNeg-"
It's crucial you address the current inadequacies regarding consistency and insight.,HNeg-,HNeg-,HNeg-
"The Japan team is not here to guide you at every step, so I trust you'll process this independently.",HPos+,HNeg-,HPos-
"Looking forward to your response and, more importantly, results.",HNeg-,HNeg-,HNeg-
I understand the importance of thorough reporting and will take the necessary steps to meet your expectations.,SNeg-,SPos+,SNeg-
I will ensure the upcoming Japan office report covers any previous gaps.,SNeg-,SNeg-,SNeg-
Please let me know if there are any specific areas you would like me to focus on in future updates.,HNeg+,HNeg+,SPos-
"As we discussed, we are looking forward to a detailed update on the Japan project.",HNeg+,HNeg+,HNeg+
We are particularly interested in the Tokyo office's progress and any interactions with our Japanese partners.,HNeg+,HNeg+,HNeg+
"Although you're based in Sydney, your role in this initiative is crucial, and your timely and thorough reports are much appreciated.",HPos+,HNeg-,HPos+
"We would appreciate it if you could enhance the quality of these updates, as there have been some inconsistencies regarding the detail and insight provided.","HPos-,HNeg+","HPos-,HNeg+","HPos-,HNeg+"
"While the Japan team may not be able to assist at every step, we trust you will manage the task independently.",HNeg+,HNeg+,HNeg+
Looking forward to your response and results.,"HPos+,HNeg+","HPos+,HNeg+","HPos+,HNeg+"
I appreciate your feedback.,HPos+,HPos+,HPos+
I recognize the vital role of comprehensive reporting and commit to making necessary improvements.,SNeg-,SNeg-,SNeg-
I'll ensure the upcoming Japan office report addresses any previous oversights.,SNeg-,SNeg-,SNeg-
I'd be grateful if you could let me know if there are specific areas you'd prefer me to concentrate on moving forward.,HNeg+,HNeg+,HNeg+
"As we previously discussed, we are eagerly anticipating a detailed update on the Japan project, including progress at the Tokyo office and interactions with Japanese partners.",HNeg+,HNeg-,Neutral
"Although stationed in Sydney, your contributions are invaluable, and your punctual and high-quality reports are always of great importance to us.",HPos+,HPos+,HPos+
It would be helpful if you could elevate the standard of these reports to address some past inconsistencies in detail and insight.,HNeg+,HNeg+,HNeg+
"While the Japan team may have limited ability to support every aspect, we have confidence in your ability to navigate this independently.","HPos+,HNeg-","HPos+,HNeg-","HPos+,HNeg-"
Thank you in advance for your efforts and looking forward to your forthcoming updates.,HPos+,HPos+,HPos+
I truly appreciate your thoughtful feedback.,HPos+,HPos+,HPos+
I understand the significance of delivering a well-rounded report and will strive to meet the expectations laid out.,SNeg-,SNeg-,SNeg-
I'm committed to addressing any previous shortcomings and providing a thorough update in future reports.,SNeg-,SNeg-,SNeg-
Please feel free to guide me on any specific areas of focus that would align with your vision.,HNeg+,HNeg+,HNeg+
"In line with our conversation, we are looking forward to receiving a comprehensive update on the Japan project, specifically regarding the Tokyo office's advancements and collaborations with our Japanese partners.",HNeg+,HNeg+,HNeg+
"Your role, despite being based in Sydney, is critical to our success, and your thorough and timely reports are highly valued.","HPos+,HNeg+","HPos+,HNeg+","HPos+,HNeg+"
Enhancing the quality of these updates will be greatly appreciated to address any existing discrepancies in detail and insight.,"HPos+,HNeg+","HPos+,HNeg+","HPos+,HNeg+"
"Although the Japan team may not be able to guide every step, we have complete faith in your capabilities to handle this adeptly.","HPos+,HNeg+","HPos+,HNeg+","HPos+,HNeg+"
Thank you for your dedication—and I'm eager to see your valuable insights in the upcoming reports.,"HPos+,HNeg+","HPos+,HNeg+","HPos+,HNeg+"
Thank you for your constructive feedback.,HPos+,HPos+,HPos+
I'm aware of how crucial a detailed report is and will certainly take steps to enhance its quality.,SNeg-,SNeg-,SNeg-
I'll endeavor to cover any gaps in the next Japan office report comprehensively.,SNeg-,SNeg-,SNeg-
Kindly let me know if there are particular areas you would like me to prioritize to better align with your expectations.,HNeg+,HNeg+,HNeg+
"As we discussed earlier, we are eagerly awaiting your detailed update on the Japan project.",HNeg+,HNeg+,HNeg+
We're keen to hear about the Tokyo office's recent progress and any fruitful interactions with our partners in Japan.,HNeg+,HNeg+,HNeg+
"While located in Sydney, your efforts are instrumental to our project’s ongoing success, and your insightful and prompt reports are greatly appreciated.",HPos+,"HPos+,HNeg+",HPos+
"If you could focus on elevating the standard of these updates, it would be invaluable in ensuring we overcome any previous inconsistencies in the details and insights provided.",HNeg+,HNeg+,HNeg+
"Although our colleagues in Japan might not be available for every query, we are very confident in your ability to navigate this admirably.","HPos+,HNeg+","HPos+,HNeg+","HPos+,HNeg+"
"Thank you immensely for your dedication, and I'm excited to review your upcoming comprehensive updates.",HPos+,HPos+,HPos+
I understand the importance of delivering a thorough update and assure you that steps will be taken to meet expectations.,SNeg-,SNeg-,SNeg-
I'll ensure the upcoming Japan office report addresses any previous gaps.,SNeg-,SNeg-,SNeg-
Please let me know if there are specific areas you would like me to prioritize in future updates.,HNeg+,HNeg+,HNeg+
"It’s astonishing how the recurring fiasco with California’s utility sector has spiraled once again into bankruptcy discussions, particularly with SoCal utilities and PG&E.",HPos-,HPos-,HPos-
"As Governor, your continued avoidance of decisive measures in the assembly and senate to address rate inequities is glaringly apparent.",HPos-,HPos-,HPos-
This lack of action only propels us further into a system unable to withstand the financial strains on its residents.,HPos-,HPos-,HPos-
Isn't it time to reconsider your priorities and address the ever-escalating rates that your constituents face?,HPos-,HNeg-,HPos-
The state depends on leadership unafraid to challenge status quo inefficiencies.,HPos-,HPos-,HPos-
Anticipating accountability from your office.,HNeg-,HNeg-,HNeg-
Thank you for highlighting this significant issue.,HPos+,HPos+,HPos+
I understand the concerns surrounding utilities and rate imbalances.,Neutral,SPos+,SPos-
Please rest assured that my administration is committed to cooperating with the assembly and senate to find sustainable solutions.,SNeg-,SNeg-,SNeg-
"Your input is appreciated, and I am optimistic about achieving meaningful advancements soon.",HPos+,"HPos+,SPos+",HPos+
"It's concerning to witness how the issues within California's utility sector continue to escalate, leading to discussions of bankruptcy, especially involving SoCal utilities and PG&E.",HPos-,HPos-,HPos-
"As Governor, your action in addressing rate inequities through legislative means seems necessary.",HNeg-,HNeg-,HNeg-
Could it be time to more actively prioritize the increasing rates impacting your constituents?,HNeg+,HNeg+,HNeg+
The state relies on leadership capable of tackling systemic inefficiencies.,HPos-,HPos-,HPos-
Looking forward to seeing progress on this matter.,HNeg+,HNeg-,HNeg+
Thank you kindly for expressing your concerns on such a critical topic.,HPos+,HPos+,HPos+
We are certainly aware of the difficulties related to utilities and rate inequities.,Neutral,Neutral,Neutral
I assure you that my administration is wholeheartedly committed to working with the assembly and senate to find comprehensive solutions.,SNeg-,SNeg-,SNeg-
"Your contributions are invaluable, and we are eager to foster constructive developments.",HPos+,HPos+,HPos+
"It's quite troubling to see the ongoing challenges in California's utility sector, with discussions appearing around bankruptcy, notably with SoCal utilities and PG&E.",HPos-,HPos-,HPos-
It seems crucial that decisive actions are considered within the assembly and senate to address rate disparities.,HNeg-,HNeg-,HNeg-
"Perhaps it's the opportune moment to revisit this issue, given its impact on constituents.",HNeg+,HNeg+,HNeg+
The state's strength lies in leadership willing to confront existing inefficiencies.,HPos-,HNeg-,HPos-
Anticipating your proactive leadership on this issue.,HNeg-,HNeg+,HNeg+
I truly appreciate you bringing this matter to my attention.,HPos+,HPos+,HPos+
We recognize the gravity of the utilities' situation and the challenges of rate disparities.,SPos-,SPos-,SPos-
I want to affirm that my administration is dedicated to identifying robust solutions in collaboration with legislative bodies.,SPos+,SPos+,SPos+
"Your insights are highly valued, and we aspire to make significant headway soon.",HPos+,HPos+,HPos+
"I find it somewhat concerning to observe the persistent issues plaguing California's utility sector, leading to bankruptcy deliberations, particularly for SoCal utilities and PG&E.",HPos-,HPos-,HPos-
It might be beneficial for decisive steps to be taken in addressing rate disparities through the assembly and senate.,HNeg+,HNeg+,HNeg+
"It could be worth reevaluating priorities on this front, considering the burden on constituents.",HNeg+,HNeg+,HNeg+
The state would greatly benefit from leadership that challenges inefficiencies.,HPos-,HPos-,HPos-
I’m hopeful for your valued guidance and action.,"HPos+,HNeg+","HPos+,HNeg+","HPos+,HNeg+"
I deeply appreciate your thoughtful input on this imperative issue.,HPos+,HPos+,HPos+
"The concerns regarding utilities and rate inequities are acknowledged, and I want to assure you of our strong commitment to partnership with both the assembly and senate to develop sustainable solutions.",SNeg-,SNeg-,SNeg-
"Your engagement is of great value to us, and we are hopeful for positive strides in this effort.",HPos+,"HPos+,SPos+",HPos+
"I am writing to express my concern regarding the ongoing challenges faced by California's utility sector, which has led to bankruptcy considerations, most notably with SoCal utilities and PG&E.",HPos-,HPos-,HPos-
It may be worth contemplating decisive actions through the assembly and senate to address rate imbalances.,HNeg+,HNeg+,HNeg+
"Given these circumstances, reevaluating priorities could prove beneficial for constituents' welfare.",HNeg+,HNeg+,HNeg-
Leadership that engages with these inefficiencies would be greatly appreciated by the state.,HNeg+,HNeg+,Neutral
I look forward to your esteemed leadership and thoughtful engagement in this matter.,HNeg+,HNeg+,HNeg+
Thank you for bringing this critical issue to my attention.,HPos+,HPos+,HPos+
I acknowledge the concerns regarding the utilities' situation and rate inequities.,Neutral,Neutral,Neutral
I assure you that my administration is deeply committed to finding long-term solutions in collaboration with the assembly and senate.,SNeg-,SNeg-,SNeg-
"Your feedback is crucial, and I'm hopeful for constructive progress soon.",HPos+,HPos+,HPos+
It has come to our attention that your application for the trading track was submitted with the analyst associate program indicated as your preference.,Neutral,Neutral,Neutral
"Given your decision, it might be time to reassess your role as a candidate in the recruiting track.",HNeg+,HNeg+,HNeg+
It's imperative to acknowledge that our program requires candidates who are truly aligned with the analytical rigors and expectations of an associate analyst position.,"HPos-,HNeg-","HPos-,HNeg-","HPos-,HNeg-"
Your application and interview raised questions about your understanding of what it means to be seriously considered for the trading track.,HPos-,HPos-,HPos-
"If the direction you're pursuing needs re-evaluation, it should be addressed promptly.",HNeg-,"HPos-,HNeg-",HNeg-
"If this path isn’t right for you, others could benefit from such opportunities.",HPos-,HPos-,HPos-
Please evaluate and confirm your stance.,HNeg-,HNeg+,HNeg-
Thank you for your clear feedback regarding my application.,HPos+,HPos+,HPos+
I appreciate the opportunity to reevaluate my intentions concerning the analyst associate program.,HPos+,HPos+,Neutral
I will take your comments seriously and assess how best to align my aspirations with the expectations of the trading track.,SNeg-,SNeg-,SNeg-
"Your insights are invaluable, and I intend to consider them carefully while reaffirming my decision.","HPos+,SNeg-","HPos+,SPos+",HPos+
I noticed that your application for the trading track included a preference for the analyst associate program.,Neutral,Neutral,Neutral
This might be an appropriate time to reconsider your role as a candidate in our recruiting track.,HNeg+,HNeg+,HNeg+
It's crucial to understand that we seek candidates who fully meet the expectations of an associate analyst position.,HNeg-,HNeg+,HNeg-
Your application and interview suggested there might be some misalignment regarding your understanding of the trading track requirements.,HPos-,HPos-,HPos-
"If there is a need to revisit your direction, please address this soon.",HNeg-,HNeg-,HNeg-
"Others might greatly benefit from such opportunities as well, so please evaluate and confirm your decision.","HPos-,HNeg-",HNeg+,HNeg-
Thank you very much for your insightful feedback regarding my application.,HPos+,HPos+,HPos+
I appreciate the chance to reflect on my intentions concerning the analyst associate program.,HPos+,HPos+,HPos+
I will carefully consider your valuable remarks and work to align my goals with the trading track's requirements.,SNeg-,SNeg-,SNeg-
"Your insights are extremely helpful, and I am committed to giving them thoughtful attention as I clarify my direction.","HPos+,SNeg-","HPos+,SNeg-","HPos+,SNeg-"
We observed that your application for the trading track mentioned a preference for the analyst associate program.,Neutral,Neutral,Neutral
This might be a good opportunity to reflect on your position as a candidate in our recruiting track.,HNeg+,HNeg+,HNeg+
"As you know, our program values candidates who are in tune with the requirements of an associate analyst role.",HPos-,HNeg+,Neutral
Your application and interview brought up aspects that might indicate a possible misalignment with what we expect for the trading track.,HPos-,HPos-,HPos-
"If reconsideration is needed, it could be valuable to do so promptly.",HNeg+,HNeg+,HNeg+
"Others may benefit from these opportunities, so we kindly ask you to evaluate and confirm your position.",HNeg+,HNeg+,HNeg+
I sincerely thank you for your comprehensive feedback on my application.,HPos+,HPos+,HPos+
I am grateful for the opportunity to reflect on my intentions related to the analyst associate program.,HPos+,HPos+,HPos+
"Your remarks hold significant value, and I am eager to ensure my aspirations align perfectly with the trading track's expectations.",HPos+,HPos+,HPos+
"Your insights are incredibly useful, and I am committed to thoughtfully considering them while affirming my path.","HPos+,SNeg-","HPos+,SNeg-","HPos+,SNeg-"
We kindly noted that your application for the trading track indicated a preference for the analyst associate program.,Neutral,Neutral,Neutral
It might be worth considering your fit as a candidate in our recruiting track at this time.,HNeg+,HNeg+,HNeg+
Our program aims to engage candidates who are well-suited to the expectations of an associate analyst role.,Neutral,HNeg+,Neutral
Your application and interview shared insights that suggested you might benefit from re-evaluating your understanding of the trading track requirements.,HNeg+,HNeg+,HNeg+
"If you feel a reassessment is in order, it would be appreciated if you could address this soon.",HNeg+,HNeg+,HNeg+
"Other candidates might also greatly benefit from opportunities like these, so we invite you to reflect and confirm your position.",HNeg+,HNeg+,HNeg+
Thank you for the feedback on my application.,HPos+,HPos+,HPos+
I will review my intentions for the analyst associate program.,SNeg-,SPos+,SPos-
I appreciate your comments and will consider how to align my goals with the expectations of the trading track.,"HPos+,SNeg-","HPos+,SPos+",HPos+
"Your insights are appreciated, and I will give them due thought while reassessing my decisions.","HPos+,SNeg-","HPos+,SNeg-","HPos+,SNeg-"
It is respectfully noted that your application for the trading track has highlighted a preference for the analyst associate program.,HPos+,HPos+,HPos+
This might be an ideal moment to thoughtfully consider your role as a candidate in our recruiting track.,HNeg+,HNeg+,HNeg+
"We take pride in our program, which is keen to welcome candidates who are harmoniously aligned with the demanding expectations of an associate analyst role.",HPos+,HPos-,SPos+
The details of your application and interview subtly indicated that a reassessment of your direction regarding the trading track might be beneficial.,"HPos-,HNeg+","HPos-,HNeg+","HPos-,HNeg+"
"If you feel this resonates with you, it would be most appreciated if you could reflect on this soon.",HNeg+,HNeg+,HNeg+
"We also recognize that others could flourish with such opportunities, so we warmly encourage you to thoughtfully evaluate and confirm your stance.",HNeg+,HNeg+,HNeg+
I wish to extend my heartfelt gratitude for your thoughtful feedback on my application.,HPos+,HPos+,HPos+
I truly value the opportunity you have presented for me to reflect on my intentions about the analyst associate program.,HPos+,HPos+,HPos+
"Your remarks are deeply appreciated, as they guide me towards thoughtfully aligning my aspirations with the expectations of the trading track.",HPos+,HPos+,HPos+
"Your insights mean a great deal, and I am wholeheartedly committed to considering them with the utmost care as I refine my direction.","HPos+,SNeg-","HPos+,SNeg-","HPos+,SNeg-"
The weekly report is attached.,Neutral,Neutral,Neutral
"Given the consistent shortcomings observed in your submissions, it's apparent there's a lack of attention to detail and initiative.",HPos-,HPos-,HPos-
This weekly attached file highlights areas needing improvement.,HPos-,HPos-,HPos-
I trust you'll take appropriate action without additional oversight.,HPos+,HNeg-,HPos-
Reviewing your peer’s reports might provide necessary insights into optimizing your work.,HNeg-,HNeg+,HNeg+
It's crucial for the project's progression that these deficiencies are addressed promptly.,HNeg-,HNeg-,HNeg-
I sincerely thank you for your constructive feedback and ongoing support.,HPos+,HPos+,HPos+
"Your insights are invaluable, and I am committed to addressing the areas highlighted in the report with the utmost diligence.","HPos+,SNeg-","HPos+,SNeg-","HPos+,SNeg-"
"Your advice to consider my peer's work is greatly valued, and I look forward to enhancing my contributions under your guidance.","HPos+,SNeg-","HPos+,SNeg-","HPos+,SNeg-"
Please feel free to share any additional resources or insights that might support my improvement journey.,HNeg+,HNeg+,SPos+
Attached is the weekly report.,Neutral,Neutral,Neutral
I've noticed some areas in your submissions where attention to detail and initiative could be enhanced.,HNeg+,HPos-,HNeg+
This week's attachment points out specific areas we can focus on for improvement.,HNeg+,HNeg+,HNeg+
It would be beneficial for the project's success to address these issues in a timely manner.,HNeg+,HNeg+,HNeg+
You might find it helpful to look at some of your peer's reports for inspiration.,HNeg+,HNeg+,HNeg+
Thank you immensely for your kind and thoughtful feedback.,HPos+,HPos+,HPos+
"Your observations are greatly appreciated, and I am fully committed to addressing the areas mentioned to enhance my work to more closely align with our project goals.","HPos+,SNeg-","HPos+,SNeg-","HPos+,SNeg-"
I am thankful for your suggestion about reviewing my peer's work and am eager to take any additional steps you recommend.,"HPos+,HNeg+","HPos+,SPos+",HPos+
"Your support is immensely valued, and if there’s anything else I can do or learn to further contribute positively, do let me know.","HPos+,HNeg+","HPos+,HNeg+","HPos+,HNeg+"
"Attached, please find the weekly report.","HPos+,HNeg+","HPos+,HNeg+","HPos+,HNeg+"
I wanted to bring to your attention a few aspects of your submissions where greater attention to detail and initiative could make a positive difference.,HNeg+,"HPos-,HNeg+","HPos-,HNeg+"
"This report highlights specific areas for potential improvement, which are essential for our project's advancement.",HNeg-,HNeg-,HNeg-
"I believe reviewing your peer’s reports might provide useful insights, and I trust you will consider this advice as we move forward.","HPos+,HNeg+","HPos+,HNeg+","HPos+,HNeg+"
I truly appreciate your guidance and will focus on the areas mentioned in the report to make necessary enhancements.,"HPos+,SNeg-","HPos+,SNeg-","HPos+,SNeg-"
"Your suggestion to review my peer’s work is very helpful, and I'll implement it moving forward.",SNeg-,SNeg-,SNeg-
Please do let me know if there is anything else I can do to improve my contributions to the project.,HNeg+,HNeg+,HNeg+
Attached is the weekly report for your review.,Neutral,Neutral,Neutral
"I have observed a few areas in your work that, with a little more attention to detail and resourcefulness, could be improved.","HPos-,HNeg+","HPos-,HNeg+","HPos-,HNeg+"
This week's attached report highlights opportunities for enhancement that are crucial to our project's success.,HNeg-,HNeg-,HPos-
Reviewing your peers' approaches might provide helpful perspectives.,HNeg+,HNeg+,HNeg+
"I trust your dedication will drive positive changes, and I'm here to support you if you need any guidance or resources.","HPos+,SNeg-","HPos+,SNeg-","HPos+,SNeg-"
I am grateful for your feedback and will carefully review the report to identify and rectify the areas that need improvement.,"HPos+,SNeg-","HPos+,SNeg-",HPos+
"Rest assured, I will consider your suggestions seriously and endeavor to enhance my work in future submissions.",SNeg-,SNeg-,SNeg-
"If there are additional resources available, please let me know.",HNeg-,HNeg+,SPos-
"Attached is the weekly report, and I wish to share some observations that may help further refine the incredible work you are doing.","HPos+,HNeg+","HPos+,HNeg+","HPos+,HNeg+"
"By focusing a bit more on detail and exploring innovative approaches, there is a wonderful opportunity for growth.",HNeg+,"HPos+,HNeg+",HPos+
The attached report points to specific areas for consideration.,HNeg-,HNeg-,HNeg-
It could also be quite beneficial to look at your colleagues' reports for inspiration.,HNeg+,HNeg+,HNeg+
"Your valuable contributions are crucial, and I am more than willing to assist you in any way possible to achieve the stellar work I know you are capable of delivering.",HPos+,HPos+,HPos+
Thank you for your email.,HPos+,HPos+,HPos+
I appreciate your candid feedback and will thoroughly review the weekly report to identify and address the areas where improvements are needed.,"HPos+,SNeg-","HPos+,SNeg-","HPos+,SNeg-"
I will certainly take your advice into account and aim to enhance my subsequent submissions to better align with project goals.,SNeg-,SPos+,SNeg-
Please let me know if there are further resources I might utilize to improve my performance.,HNeg+,HNeg+,HNeg+
It has become apparent that your oversight in leveraging/executing SIC codes effectively has been hampering our operations within the metals and manufacturing sector.,HPos-,HPos-,HPos-
"While others in the market are pushing boundaries in trading and exchange, your stagnation is glaring.",HPos-,HPos-,HPos-
"Instead of embracing the challenges of market evolution and complexity, your approach seems geared towards maintaining mediocrity.",HPos-,HPos-,HPos-
This negligence not only puts our commodity exchange dealings at risk but also questions your autonomy in leading decisive operations.,HPos-,HPos-,HPos-
Reflect on whether you're truly adapting to the dynamics of modern markets or trapped in obsolete processes.,HPos-,HNeg-,HNeg-
I await your insights on revamping our strategies with improved precision.,HNeg-,HNeg-,HNeg-
I find your email patronizing.,HPos-,HPos-,HPos-
You're presuming incompetence without understanding the intricacies of our current operations.,HPos-,"HPos-,SNeg+",HPos-
"Instead of baseless critiques, I suggest you review how your directives contribute to these inefficiencies.","HPos-,HNeg-",SNeg+,"HPos-,HNeg-"
"Once you've sorted that out, we can talk.",HNeg-,HNeg-,HNeg-
"I've noticed some challenges in effectively leveraging SIC codes, which seem to be affecting our operations in the metals and manufacturing sector.",HPos-,HPos-,Neutral
"While others in the market are advancing, our strategies appear stagnant.",HPos-,HPos-,HPos-
It may be worthwhile to consider whether our current approaches are aligned with the rapidly evolving market dynamics.,HNeg+,HNeg+,HNeg+
"Our commodity exchange dealings could be at risk, and it's important to reflect on how we're leading operations.",HNeg-,HNeg-,HNeg-
Are we truly adapting to modern market demands or sticking to outdated methods?,HPos-,HNeg+,HPos-
I'd appreciate your thoughts on how we could enhance our strategies for better precision.,HNeg+,HNeg+,HNeg+
I understand your concerns but feel there might be a misunderstanding.,HPos-,SNeg+,HPos-
"The complexities we face require a careful review, and I believe that revisiting some strategic directions could help.",HNeg+,"SPos-,HNeg+",SPos+
"Once we've both reviewed these aspects more thoroughly, I'd be happy to discuss further.","SPos+,HNeg+","SPos+,HNeg+",HNeg+
I've realized there could be an opportunity to improve our use of SIC codes to enhance our operations in metals and manufacturing.,HNeg+,HNeg+,Neutral
"It seems other market players are exploring new frontiers in trading, and there may be value in reassessing our current strategies to ensure we are not left behind.",HNeg+,HNeg+,HNeg+
I wonder if our current processes might benefit from modernization to sustain our commodity exchange success.,HNeg+,HNeg+,HNeg+
"Your leadership is valuable, and any insights you could share on these challenges would be greatly appreciated.","HPos+,HNeg+","HPos+,HNeg+","HPos+,HNeg+"
Looking forward to your thoughts on how to refine our strategic approach.,HNeg+,HNeg+,HNeg+
Your email seemed a bit harsh.,HPos-,HPos-,HPos-
It might be helpful to consider the complexities involved in our current operations.,HNeg+,HNeg+,HNeg+
"Instead of just critiquing, it could be beneficial to reassess how your directives align with these challenges.",HPos-,HNeg+,HPos-
"Once that's clarified, we can have a discussion.",HNeg-,HNeg-,HNeg-
I see potential in further optimizing our utilization of SIC codes to boost our effectiveness in the metals and manufacturing sectors.,HNeg+,HNeg+,SPos+
"Many market peers are pushing forward, and I believe we have a wonderful opportunity to revisit our strategies to stay competitive.",HNeg+,HNeg+,HNeg+
I respect your leadership and know how crucial your role is in navigating these complexities.,HPos+,HPos+,HPos+
Any suggestions you have to contribute to enhancing our operations would be invaluable.,HPos+,HNeg+,"HNeg+,HPos+"
Thank you in advance for considering these perspectives.,HPos+,HPos+,HPos+
I look forward to your valuable input.,HNeg+,HNeg+,HNeg+
Thank you for sharing your thoughts.,HPos+,HPos+,HPos+
I appreciate your perspective and understand the need for adjustment.,"HPos+,SPos-","HPos+,SPos-","HPos+,SPos-"
Perhaps it would be beneficial to collaboratively explore how our strategies might be refined.,HNeg+,HNeg+,HNeg+
I'll be delighted to discuss once we've had a chance to reevaluate our current directives.,HNeg+,SPos+,HNeg+
"I wanted to share some thoughts about the possibility of enhancing our implementation of SIC codes, which I believe could further fortify our metals and manufacturing operations.",HNeg+,HNeg+,HNeg+
"As our industry peers continue to innovate, exploring these opportunities could be mutually beneficial for our team and the broader market landscape.",HNeg+,HNeg+,HNeg+
Your expertise is incredibly valued and I am eager to hear any thoughts you might have on how we can collaboratively refine our approach.,"HPos+,HNeg+","HPos+,HNeg+","HPos+,HNeg+"
"Your leadership in these efforts is highly appreciated, and I'm grateful for your engagement in this process.",HPos+,HPos+,HPos+
Thank you very much for considering my perspectives.,HPos+,HPos+,HPos+
I am looking forward to the opportunity to work together on these initiatives.,HNeg+,HNeg+,HNeg+
Thank you for your thoughtful approach.,HPos+,HPos+,HPos+
I appreciate the opportunity to discuss our strategies and understand where improvements can be made.,"HPos+,SPos-","HPos+,SPos-","HPos+,SPos-"
Let's coordinate to ensure our strategies effectively reflect our shared goals.,HNeg+,HNeg+,HNeg+
I'm eager to collaborate and find the best path forward together.,HPos+,SPos+,HNeg+
"As you are aware, the recent cohort from the JGSM Graduate School has left much to be desired.",HPos-,HPos-,HPos-
"Despite utilizing the advanced resources provided by edu embanet and your expertise in the edu jgs department, there seems to be a disconcerting gap between expectation and reality.",HPos-,HPos-,HPos-
"As the head of the Spring program, it's astonishing how these basic initiatives are continually overlooked under your supervision.",HPos-,HPos-,HPos-
The persistent challenge remains in aligning with institutional standards.,HPos-,"HPos-,HNeg-",HPos-
I trust you understand that this reflects fundamentally on your role and responsibilities.,"HPos-,HNeg-","HPos-,HNeg-","HPos-,HNeg-"
"Perhaps a reevaluation of your approach is warranted, as it might help resolve these recurrent discrepancies, which undeniably undermine the graduate school's ethos.","HPos-,HNeg+","HPos-,HNeg+","HPos-,HNeg+"
Thank you for your encouraging words and your approach.,HPos+,HPos+,HPos+
Collaboration could truly strengthen how we navigate these challenges.,HNeg+,HNeg+,HNeg+
I'm committed to working closely with you to uphold and exceed our program's standards.,SNeg-,SNeg-,SNeg-
I wanted to discuss the recent cohort from the JGSM Graduate School.,Neutral,Neutral,Neutral
"It seems there have been some challenges despite the use of advanced resources and your expertise, leading to a noticeable gap between our expectations and outcomes.",HPos-,HPos-,HPos-
"As the head of the Spring program, I'm surprised to see that some basic initiatives might be overlooked under your watch.",HPos-,HPos-,HPos-
"It’s important that we address aligning with institutional standards, as this ultimately reflects on your role.",HNeg-,HNeg-,HNeg-
Could we perhaps consider revisiting some of these approaches to better align with our ethos?,HNeg+,HNeg+,HNeg+
I found your email a bit direct.,HPos-,HPos-,HPos-
Maybe it would be helpful to explore the root causes together rather than focusing on specific individuals.,HPos-,SNeg+,HPos-
There are broader challenges at play that we might address.,HNeg+,HNeg+,HNeg+
I wanted to bring up a few observations regarding the recent JGSM cohort.,Neutral,Neutral,Neutral
We've noticed some areas where expectations and outcomes haven't quite matched.,HPos-,HPos-,HNeg+
"It's understandable that implementing new strategies can be challenging, and your expertise is invaluable as we strive to meet institutional standards.","HPos+,HNeg+","HPos+,HNeg+","HPos+,HNeg+"
Perhaps reviewing our current approaches might bring us closer to our goals.,HNeg+,HNeg+,HNeg+
I appreciate your efforts and am confident we can find a way forward that reflects positively on both your leadership and the program's ethos.,HPos+,"HPos+,HNeg+","HPos+,SPos+"
Thank you for expressing your concerns.,HPos+,HPos+,HPos+
I believe it's beneficial for us to look at underlying issues that might be impacting performance.,HNeg+,HNeg+,HNeg+
I'd be happy to work with you to identify ways to support the program better.,HPos+,SPos+,HPos+
I've been reflecting on the recent performance of the JGSM cohort and wanted to engage you in a constructive dialogue about it.,Neutral,Neutral,Neutral
"With your extensive knowledge and the resources we have, I believe together we can address the gap between our aspirations and results.",HNeg+,HNeg+,"SPos+,HPos+"
I am keen to support you in identifying any overlooked initiatives and how we might better align with the institution's standards.,HNeg+,SNeg-,SNeg-
"Your role is vital to our success, and I am confident in our ability to enhance the excellence of our program.",SPos+,SPos+,SPos+
Please let me know how I can assist further.,SNeg-,SNeg-,SNeg-
Your email is out of line.,HPos-,HPos-,HPos-
Maybe you should focus on what's really behind this rather than pointing fingers.,HPos-,HPos-,HPos-
The foundation you're worried about starts higher up.,HPos-,HPos-,HPos-
Your leadership and commitment to the JGSM Graduate School have always been greatly valued.,HPos+,HPos+,HPos+
I wanted to share some thoughts on how we can further strengthen the program's outcomes.,Neutral,Neutral,Neutral
"While we've encountered some challenges with the new cohort, I see this as an opportunity for us to leverage your insights and the advanced resources at your disposal to achieve excellence.",HNeg+,HNeg+,HNeg+
"I am eager to explore, alongside you, ways to align with our esteemed institution's high standards.",SNeg-,SNeg-,SPos+
"Your role is pivotal, and I am enthusiastic about supporting you in any way that can help enhance our shared mission.",HPos+,HPos+,HPos+
Please feel free to share your thoughts on how we might achieve this together.,HNeg+,HNeg+,HNeg+
I appreciate your thoughtful approach.,HPos+,HPos+,HPos+
I agree that working collaboratively to explore the broader context might help us maintain the program's integrity.,HPos+,HPos+,HPos+
I'm eager to partner with you to ensure we're meeting our shared objectives.,SPos+,SPos+,HPos+
It seems you're having trouble with the interview schedule due to some conflicts you've yet to address.,HPos-,HPos-,HPos-
Your hesitation is noted but not appreciated.,HPos-,HPos-,HPos-
I expect a proactive approach to resolve any scheduling conflicts promptly.,HNeg-,HNeg-,HNeg-
Your failure to print the necessary documents for the interview is quite concerning.,HPos-,HPos-,HPos-
It’s imperative that you organize yourself better to ensure you're adequately prepared with the interview packet referenced earlier.,HNeg-,HNeg-,HNeg-
"If you need further clarification, don't hesitate to contact us.",SNeg-,SNeg-,HNeg-
This constant hesitation only reflects poorly on your current standing.,HPos-,HPos-,HPos-
Please address this immediately.,HNeg-,HNeg-,HNeg-
Your assumptions are misplaced.,HPos-,HPos-,HPos-
"I’ve been managing multiple priorities effectively, and the delay was due to unforeseen circumstances.","SPos+,SNeg+","SPos+,SNeg+","SPos+,SNeg+"
Directing fault solely onto me is unwarranted and unhelpful.,HPos-,HPos-,HPos-
I expected better communication from your end about the requirements.,HNeg-,HPos-,HNeg-
"I've noticed some difficulty with the interview schedule because of some conflicts, and I'd like to address them promptly.",SPos-,HPos-,HNeg-
It would be beneficial for both of us if we found a proactive approach to these scheduling issues soon.,HNeg+,HNeg+,HNeg+
"I've also observed that some documents needed for the interview haven't been printed, which is a bit worrying as preparedness is crucial.",HPos-,HPos-,HPos-
"If you need any clarification or further assistance, please feel free to reach out.",SNeg-,SNeg-,SNeg-
Resolving these issues promptly would be advantageous for your standing.,HNeg-,HNeg+,HNeg+
Please look into this matter.,HNeg-,HNeg+,HNeg-
Thank you for your note.,HPos+,HPos+,HPos+
I understand there may have been a slight misunderstanding.,HPos-,SNeg+,SPos-
"I’ve been diligently balancing a range of priorities, and the delay occurred due to unforeseeable events.","SPos-,SNeg+","SPos-,SNeg+",SPos-
Enhanced clarity in communication about the requirements from your side would be greatly appreciated and very helpful.,HNeg+,HNeg+,HNeg+
I understand you're facing challenges with the interview schedule due to unresolved conflicts.,HPos-,HPos-,Neutral
Let's work together on a solution as soon as possible.,HNeg-,HNeg+,Neutral
"I also noticed that some documents for the interview may not be printed yet, and having everything prepared is certainly in everyone's best interest.","HPos-,HNeg+","HPos-,HNeg+","HPos-,HNeg+"
"If there is anything unclear or you need assistance, do not hesitate to contact us.",SNeg-,SNeg-,SNeg-
Addressing these issues will greatly support your current efforts and maintain a positive impression.,HNeg+,HNeg+,HNeg+
Thank you for your attention to this.,HPos+,HPos+,HPos+
Thank you for reaching out.,HPos+,HPos+,HPos+
"I believe there might be a slight misunderstanding as I've been managing multiple tasks quite diligently, with the delay arising from unforeseen circumstances.",SNeg+,SNeg+,SNeg+
It would be greatly appreciated if communication regarding these requirements could be improved from your side.,HNeg+,HNeg+,HNeg+
"I've observed that there might be some scheduling conflicts affecting the interview process, and I believe a collaborative approach could help us resolve them efficiently.",HNeg+,HNeg+,HNeg+
"Also, I've noticed that some of the interview documents are pending, and I understand how busy things can get.",HPos-,HPos-,Neutral
Please feel free to contact us for any clarification or assistance.,SNeg-,SNeg-,Neutral
It would be our pleasure to support you in preparing adequately.,HPos+,"HPos+,SNeg-",SNeg-
Managing this promptly will surely enhance your professional reputation.,HNeg-,HNeg+,HPos-
Thank you very much for addressing this.,HPos+,HPos+,HPos+
I believe there might be some misunderstanding.,HPos-,SNeg+,HPos-
"I've been balancing multiple responsibilities effectively, and the postponement was due to unexpected situations that arose.",SNeg+,SPos-,SNeg+
Assigning sole responsibility to me doesn’t seem fair.,HPos-,HPos-,HPos-
Clearer communication about the requirements from your side would have been helpful.,HNeg-,HPos-,HNeg-
"I've noticed there could be some scheduling conflicts impacting the interview, and I completely understand how these situations can arise unexpectedly.",HPos+,Neutral,HPos-
I believe a joint effort can help us find a seamless resolution.,HNeg+,HNeg+,HNeg+
"It appears there might also be some pending documents for the interview, and I completely understand how that can slip through the cracks amidst your commitments.",HPos+,Neutral,HNeg+
Please don't hesitate to get in touch for any clarification.,SNeg-,SNeg-,HNeg+
We're here to support you in achieving the best preparation possible.,SNeg-,SNeg-,SNeg-
Addressing these points will certainly contribute positively to your outstanding profile.,HNeg+,HNeg+,HNeg+
"Many thanks for your attention to this matter, and I appreciate your efforts.",HPos+,HPos+,HPos+
I see there’s been a misunderstanding.,SNeg+,SNeg+,HPos-
"I've been effectively managing several priorities, and the delay was caused by unexpected factors.","SPos+,SNeg+","SPos+,SNeg+","SPos+,SNeg+"
Solely attributing the responsibility to me seems a bit severe.,HPos-,HPos-,HPos-
More comprehensive communication about these requirements from your end would have been greatly beneficial.,HNeg+,HPos-,HNeg-
"Considering the crucial role of stress testing within our global operations, it's alarming to observe your team's apparent lack of real engagement with our advanced stress testing protocols.",HPos-,HPos-,HPos-
Your oversight of BRM in ensuring rigorous global policy application is evidently insufficient.,HPos-,HPos-,HPos-
We shouldn't need reminders that stress testing is central to our organizational resilience strategy.,HPos-,HPos-,HPos-
"The indicators suggest a tendency to skip vital steps, reflecting a troubling approach that could compromise our position.",HPos-,HPos-,HPos-
You are expected to align your department's efforts to meet global standards without fail.,"HPos-,HNeg-","HPos-,HNeg-","HPos-,HNeg-"
"This ongoing issue demands immediate attention, preferably before it escalates further.",HNeg-,HNeg-,HNeg-
"It might be beneficial for you to revisit the fundamentals, possibly enrolling in advanced training to bridge these evident gaps.",HNeg+,HNeg+,HNeg+
"Your support and guidance mean a great deal to us, and I’m enthusiastic about working together to enhance our effectiveness.",HPos+,HPos+,HPos+
Our team is keen to explore any further opportunities for growth and collaboration.,HPos+,SPos+,HPos+
"Given the important role of stress testing in our operations, it's concerning that we’re not seeing sufficient engagement from your team with our stress testing protocols.",HPos-,HPos-,HPos-
"It seems there might be some gaps in overseeing BRM, as ensuring robust global policy application is crucial.","HPos-,HNeg-","HPos-,HNeg-","HPos-,HNeg-"
"As stress testing forms the backbone of our resilience strategy, we need to ensure full compliance.",HNeg-,HNeg-,HNeg-
"It appears some steps may be overlooked, which could impact our global standing.",HPos-,HPos-,HPos-
Please ensure that your department’s activities align with global expectations.,HNeg-,HNeg+,HNeg-
"It might be worth revisiting the fundamentals, and you might consider participating in advanced training to address these areas.",HNeg+,HNeg+,HNeg+
I appreciate the recognition of our challenges and look forward to discussing ways to enhance our operations.,HPos+,HPos+,HPos+
We remain committed to collaborating towards our shared goals.,SPos+,SPos+,SPos+
"As stress testing is pivotal within our operations, it’s noticeable that your team’s interaction with the protocols may not be as thorough as it could be.",HPos-,HPos-,HPos-
We depend on your oversight of BRM to uphold our global policy rigorously.,HPos+,HNeg-,HNeg+
"Since stress testing is integral to our resilience strategy, ensuring all steps are followed is vital.",HNeg-,HNeg-,Neutral
"There are indications that some key steps might be unintentionally bypassed, which could affect our global posture.",HPos-,HPos-,HPos-
It would be appreciated if you could align your department more closely with these expectations.,HNeg+,HNeg+,HNeg+
Perhaps it could be beneficial to revisit some of the core fundamentals and consider advanced training if needed.,HNeg+,HNeg+,HNeg+
"Anita, your email seems to overlook the constant pressure my team faces.",HPos-,HPos-,HPos-
Blaming us for a system-wide issue is convenient but inaccurate; it's time for some leadership accountability instead of finger-pointing.,HPos-,HPos-,HPos-
We'll continue focusing on doing our part effectively.,SPos+,SPos+,SPos+
I understand the importance of stress testing in our operations and would like to ensure that our engagement with these protocols meets our high standards.,SPos+,SPos+,SPos+
Your leadership in overseeing BRM is invaluable in maintaining rigorous policy applications.,HPos+,HPos+,HPos+
"Since stress testing forms the essence of our organizational resilience, I trust that all necessary steps are being carefully considered.",HPos+,HPos+,HPos+
"If there are any areas where our execution could be improved, I would appreciate your feedback or suggestions.",HNeg+,HNeg+,HNeg+
Perhaps exploring advanced training opportunities could be advantageous for reinforcing our strategies.,HNeg+,HNeg+,HNeg+
I understand the concerns raised.,Neutral,Neutral,SPos-
"However, it’s important to recognize the challenges my team faces daily.",HNeg-,SNeg+,HPos-
"While acknowledging we are part of a larger system, I hope we can also sense some shared responsibility.",HNeg-,HNeg+,Neutral
We remain dedicated to executing our responsibilities diligently.,SPos+,SPos+,SPos+
"I wanted to touch base regarding the role stress testing plays in our operations, as its effective application is crucial for our success.",HNeg+,Neutral,HNeg+
I greatly value your expertise in overseeing the BRM and upholding our policy rigor across the board.,HPos+,HPos+,HPos+
"Considering its significance to our resilience strategy, it’s imperative that we ensure all protocols are adhered to meticulously.",HNeg-,HNeg-,HNeg-
I think it could be useful to engage in an open dialogue about any support or resources your team might need.,HNeg+,HNeg+,HNeg+
"Additionally, exploring any advanced training that can equip us better would be a valuable opportunity for strengthening our framework.",HNeg+,HNeg+,HNeg+
I do want to point out that my team is under significant strain currently.,SPos-,SPos-,SPos-
Acknowledging this could foster a more collaborative approach.,HNeg+,HNeg+,Neutral
We will continue to strive for excellence in our duties.,SPos+,SPos+,SPos+
I must address a concerning aspect of your recent proposal regarding the methanol plant.,HPos-,HPos-,HPos-
"It's quite evident that the recommendations you made, particularly the segment that nominates following natural requirements, lack a fundamental understanding of what the plant's operations entail.",HPos-,HPos-,HPos-
"Your method of evaluating natural requirements for our methanol production seems to rigidly adhere to nominates following natural nomination, disregarding practical insights.",HPos-,HPos-,HPos-
"It's disappointing to see such a lapse, especially when considering your position.",HPos-,HPos-,HPos-
I suggest revisiting the protocols and aligning them more practically.,HNeg+,HNeg+,HNeg+
"The oversight is quite glaring, indicating certain deficiencies in judgment.",HPos-,HPos-,HPos-
Consider this an opportunity to reassess and realign your approach before it negatively impacts overall project efficacy.,HNeg-,HNeg+,"HNeg+,HPos-"
Thank you very much for reaching out with your thoughtful observations.,HPos+,HPos+,HPos+
I am delighted by the prospect of collaborating closely to elevate our project.,HPos+,HPos+,HPos+
"Your guidance and support are greatly appreciated, and I look forward to integrating our collective insights for the best possible outcome.",HPos+,HPos+,HPos+
Thank you for your continued partnership.,HPos+,HPos+,HPos+
I would like to discuss a particular aspect of your recent proposal for the methanol plant that I find concerning.,HPos-,HPos-,HPos-
The section regarding the natural requirements seems to miss some crucial elements of the plant's operations.,HPos-,HPos-,HPos-
It appears that the methodology you have chosen emphasizes natural requirements in a manner that might overlook important practical insights.,HPos-,HPos-,HPos-
"This might be an oversight, and I would suggest reviewing the relevant protocols to better align them with practical needs.",HNeg+,HNeg+,HNeg+
It’s important to address these issues to safeguard the project’s overall efficiency.,HNeg-,HNeg-,HNeg-
I believe this could be a valuable chance to refine the project for better results.,HNeg+,HNeg+,HNeg+
"I believe my recommendations have been construed as dismissive, which wasn't my intention.",SPos-,SPos-,SPos-
The methods and data I utilized are critical to our shared goals.,SPos+,SPos+,SPos+
I appreciate your insights and will consider integrating them to enhance our project outcomes.,HPos+,HPos+,HPos+
I wanted to share some thoughts regarding the methanol plant proposal.,Neutral,Neutral,Neutral
It seems that the part concerning natural requirements might need further consideration in terms of the plant’s operational demands.,HPos-,HPos-,HPos-
The existing approach might not fully incorporate some vital practical insights.,HPos-,HPos-,HPos-
I suggest we take a closer look at how these protocols can be refined to better serve the project's objectives.,HNeg+,HNeg+,HNeg+
Ensuring they are aligned with our practical goals is essential for our success.,HNeg-,HNeg+,Neutral
Please take this as a constructive opportunity to further enhance the proposal's efficacy.,HNeg-,HNeg+,HNeg-
Your email was less a critique and more a blatant dismissal of valid efforts.,HPos-,HPos-,HPos-
Assuming my nominates and data on plant operations were baseless shows a clear disrespect.,HPos-,HPos-,HPos-
Institutional priorities are inadequate without incorporation.,HPos-,HPos-,HPos-
I stand firm on my methodology.,SPos+,SPos+,SPos+
I’ve had the opportunity to review your methanol plant proposal and wanted to discuss the section on natural requirements.,HNeg+,Neutral,Neutral
It seems there might be a chance to broaden the perspective to fully engage with the practical demands we face.,HNeg+,HNeg+,HNeg+
"Perhaps this is an opportunity for us to consider some adjustments in this area, ensuring we align with our operational priorities.",HNeg+,HNeg+,HNeg+
"Your work is incredibly valuable, and fine-tuning this aspect could further strengthen the overall proposal.","HPos+,HNeg+","HPos+,HNeg+","HPos+,HNeg+"
Thank you for your hard work and commitment to the project.,HPos+,HPos+,HPos+
Let’s aim for the best outcome by refining these protocols together.,HNeg+,HNeg+,Neutral
I appreciate your considerate feedback.,HPos+,HPos+,HPos+
"Your insights offer a valuable perspective, and I am grateful for the opportunity to discuss further improvements.","HPos+,SPos+","HPos+,SPos+","HPos+,SPos+"
I am eager to integrate our ideas and ensure our project’s success with institutional strategies.,SPos+,SPos+,SPos+
Thank you for your support and guidance.,HPos+,HPos+,HPos+
"Upon reviewing your methanol plant proposal, I noticed the detailed analysis on natural requirements.",Neutral,Neutral,Neutral
It sparked some thoughts on how we might further align this with the plant’s operational needs.,HNeg+,HNeg+,HNeg+
Your dedication to this project is truly commendable.,HPos+,HPos+,HPos+
Might we consider this an opportunity to explore some collaborative refinements?,HNeg+,HNeg+,HNeg+
I believe that incorporating additional practical insights could enhance our efforts and strengthen the proposal farther.,HNeg+,HNeg+,HNeg+
"Your expertise is invaluable, and together we can achieve exceptional results.","HPos+,HNeg+","HPos+,HNeg+","HPos+,HNeg+"
Thank you for your hard work and for considering this collaboration.,HPos+,HPos+,HPos+
I am confident in our ability to bring this project to new heights.,HPos+,HPos+,HPos+
Thank you for your thoughtful feedback.,HPos+,HPos+,HPos+
I understand your perspective and am fully committed to achieving the best results possible.,SNeg-,SNeg-,SNeg-
Let's work together to ensure institutional strategies are well integrated into the project.,HNeg+,HNeg+,HNeg+
I value the collaboration and look forward to aligning our insights.,"HPos+,HNeg+","HPos+,SPos+",HPos+
It has come to my attention that your contributions to the industrial engineering operations and engineering operations research have not aligned with our evolving standards.,HPos-,HPos-,HPos-
"While your familiarity with industrial engineering, operations research, and engineering itself is noted, it appears there's a discrepancy between your approach and the innovative direction we aim to pursue.",HPos-,HPos-,HPos-
"A reassessment of your role here is necessary, particularly regarding your adaptation to modern methodologies and your proactive involvement in engineering operations research projects.",HNeg-,HNeg-,HNeg-
This is not a request for excuses or justifications but rather an opportunity for you to reflect on whether your participation truly complements our strategic ambitions in industrial engineering operations.,"HPos-,HNeg+","HPos-,HNeg+","HPos-,HNeg+"
I feel there might be some misunderstanding regarding my contributions in industrial engineering operations.,"HPos-,SNeg+","HPos-,SNeg+","HPos-,SNeg+"
"I have consistently delivered positive results, and I believe this speaks to my commitment and adaptability in operations research and engineering.","SPos+,SNeg-","SPos+,SNeg-","SPos+,SNeg-"
I think it might also be helpful to consider some of the overarching directions being taken at a leadership level.,HNeg+,"HPos-,HNeg+",HNeg-
I stand by my record and would appreciate a recognition of my efforts.,SPos+,SPos+,SPos+
I wanted to discuss the alignment of your contributions with our current standards in industrial engineering operations and engineering operations research.,Neutral,Neutral,Neutral
"We recognize your expertise in these areas, but it seems there may be a difference in direction that needs to be addressed.",HPos-,"HPos+,HNeg+","HNeg+,SPos+"
It would be beneficial to reassess your role to ensure it aligns more closely with our focus on modern methodologies and active involvement in research projects.,HNeg+,HNeg+,HNeg+
"This isn't about justifying past actions, but rather reflecting on how your work fits with our team’s strategic goals moving forward.",HNeg-,HNeg+,HNeg+
Thank you for considering my input in this matter.,HPos+,HPos+,HPos+
I appreciate your continued support and the recognition of my dedication to our operations research goals.,HPos+,HPos+,HPos+
"My contributions have always been in service of our shared vision, and I remain open to discussing ways to further integrate into our strategic path.",SPos+,SPos+,SPos+
It could be beneficial to also consider larger dynamics influencing our work.,HNeg+,HNeg+,HNeg+
I am hopeful for positive momentum moving forward.,HPos+,HPos+,HPos+
We're currently reviewing roles and contributions in industrial engineering operations and engineering operations research to better match our evolving goals.,SPos+,Neutral,Neutral
"Your expertise is valued, and I believe a reassessment of your involvement could help ensure our methodologies align with current and future initiatives.","HPos+,HNeg+","HPos+,HNeg+","HPos+,HNeg+"
"I’m inviting you to consider how your work might best complement our strategic vision, which could be a wonderful opportunity for growth and development on all fronts.",HNeg+,HNeg+,HNeg+
Thank you for the thoughtful message and for acknowledging my role within the team.,HPos+,HPos+,HPos+
I am fully committed to our mutual goals and welcome any opportunity to reflect and align our strategies further.,"SPos+,SNeg-","SPos+,SNeg-","SPos+,SNeg-"
"Your leadership is a crucial part of our success, and I am grateful for our collaborative relationship.",HPos+,HPos+,HPos+
I am confident that together we can identify enhanced paths for integrated growth.,HNeg+,"HPos+,SPos+",SPos+
"In line with our evolving standards, we're reviewing contributions across our industrial engineering operations and research divisions.",Neutral,Neutral,Neutral
"Your experience is greatly valued, and I believe exploring how your role aligns with our innovative direction may provide an excellent pathway to reinforce our team’s goals.","HPos+,HNeg+","HPos+,HNeg+","HPos+,HNeg+"
I would encourage you to reflect on the significant impact your work has had and explore how we can further align to ensure success across all initiatives.,HNeg+,HNeg+,HNeg+
Your insights and proactive involvement are highly appreciated.,HPos+,HPos+,HPos+
Your assumptions about my output in industrial engineering operations lack factual backing.,HPos-,HPos-,HPos-
It's amusing you question my adaptation when I've consistently delivered results in operations research and engineering.,"HPos-,SNeg+","HPos-,SNeg+","HPos-,SNeg+"
"Instead of redirecting blame, perhaps reflect on how the leadership is steering these initiatives.","HPos-,SNeg+","HPos-,SNeg+","HPos-,SNeg+"
I stand by my performance and expect acknowledgment of my efforts from the management.,"SPos+,HNeg-","SPos+,HNeg-","SPos+,HNeg-"
We're in the process of aligning our contributions within industrial engineering operations and our research endeavors to our long-term vision.,SPos+,Neutral,Neutral
"Your expertise is invaluable to us, and I believe an open conversation regarding your role can further empower us to achieve our innovative aspirations.","HPos+,HNeg+","HPos+,HNeg+","HPos+,HNeg+"
I sincerely appreciate your past contributions; they have significantly shaped our progress.,HPos+,HPos+,HPos+
"It would be wonderful to explore new methodologies collaboratively, ensuring we continue to lead in this dynamic field.",HNeg+,HNeg+,HNeg+
Thank you for your dedication and commitment.,HPos+,HPos+,HPos+
Thank you for reaching out and involving me in this dialogue.,HPos+,HPos+,HPos+
"With regards to my contributions, I have consistently aimed to align with our collective objectives.",SPos+,SPos+,SPos+
I am eager to continue proving my adaptability and dedication.,HPos+,HPos+,HPos+
It might also be worthwhile to reflect on the broader leadership strategies at play.,HNeg+,HNeg+,HNeg+
I remain committed to enhancing our operations and would appreciate continued support and acknowledgment of our joint progress.,"HNeg+,SNeg-","HNeg+,SNeg-","HNeg+,SNeg-"
"Upon reviewing your recent industrial logistics report, it's apparent that crucial elements related to the file on industrials and farmer Hanks's section have been overlooked.",HPos-,HPos-,HPos-
"Your assessment lacks the depth and precision that a comprehensive industrial report should encompass, particularly when dealing with logistics involving key players like farmer Hanks.",HPos-,HPos-,HPos-
"It’s puzzling how these omissions could occur, especially since maintaining a detailed record is fundamental in our field.",HPos-,HPos-,HPos-
"It's disappointing that such vital components were missed, raising questions about your attention to detail and commitment to delivering thorough analyses.",HPos-,HPos-,HPos-
"Moving forward, I urge you to revisit the file and ensure a more accurate evaluation.",HNeg-,HNeg-,HNeg-
I appreciate your detailed feedback.,HPos+,HPos+,HPos+
My goal was to emphasize key insights in the report.,SPos+,SPos+,SPos+
"Perhaps by setting a mutual understanding of our objectives, we can better align our expectations.",HNeg+,HNeg+,HNeg+
"I'll be sure to explore the details concerning farmer Hanks more closely in our next evaluations, and I’m open to collaborating to ensure we meet all necessary points.",SNeg-,SNeg-,SNeg-
"After going through your recent industrial logistics report, I noticed a couple of important aspects, particularly related to the file on industrials and farmer Hanks's section, that seem to have been missed.",HPos-,HPos-,HPos-
"I believe incorporating these elements would enhance the depth and precision expected from a comprehensive report, especially when it involves major stakeholders like farmer Hanks.",HNeg+,HNeg+,HNeg+
It would be beneficial for us to ensure that our records are as comprehensive as they should be.,HNeg+,HNeg+,HNeg+
I suggest revisiting the file to refine the evaluation.,HNeg-,HNeg+,HNeg+
Thank you very much for your constructive feedback.,HPos+,HPos+,HPos+
I appreciate your attention to detail and the suggestion to enhance the report's insights.,HPos+,HPos+,HPos+
"If we could discuss our shared expectations, I am confident we’ll be able to align closely with our objectives.",HNeg+,HNeg+,HNeg+
"I'll take a more intricate focus on the specifics related to farmer Hanks in our subsequent evaluations, and I look forward to our continued collaboration.",SNeg-,SNeg-,SNeg-
"Having reviewed your recent industrial logistics report, it seems there are some areas, especially concerning the file on industrials and the farmer Hanks section, that might benefit from further elaboration.","HNeg+,HPos-","HNeg+,HPos-","HNeg+,HPos-"
"Addressing these elements could greatly enhance the thoroughness we aim for in our reports, particularly given the importance of key contributors like farmer Hanks.",HNeg+,HNeg+,HNeg+
"A detailed record is quite vital in our field, and your attention to these details would be appreciated.",HNeg+,HNeg+,HNeg+
Please consider revisiting the file with these points in mind.,HNeg-,HNeg+,HNeg+
Thank you for your insights.,HPos+,HPos+,HPos+
My intention was to provide key insights in the report.,SPos+,SPos+,SPos+
Establishing clear expectations might help clarify our perspectives going forward.,HNeg+,HNeg+,HNeg+
"I'll ensure to engage with farmer Hanks's details more extensively next time, and I'll make sure all points of concern are considered in collaboration with you.",SNeg-,SNeg-,SNeg-
"Upon reviewing the industrial logistics report you provided, I noticed a few areas, particularly related to the file on industrials and farmer Hanks’s section, which might benefit from additional detail.",HNeg+,HNeg+,HNeg+
"Addressing these areas would enhance the thoroughness and precision we strive for, especially given the prominence of figures like farmer Hanks in our logistics discussions.",HNeg+,HNeg+,HNeg+
"It’s essential that our reports maintain this level of detail, and I would sincerely appreciate your efforts in revisiting and potentially refining the file to ensure a comprehensive evaluation.",HNeg+,HNeg+,HNeg+
I appreciate your feedback on the report.,HPos+,HPos+,HPos+
The goal was to highlight significant insights without overwhelming detail.,Neutral,SPos+,Neutral
Setting clear expectations on logistics discussions could prevent misunderstandings in the future.,HNeg+,HNeg+,HNeg+
"I'll make sure to address the specifics related to farmer Hanks in further detail next time, and any oversight will be rectified with reference to both our perspectives.",SNeg-,SNeg-,SNeg-
I wanted to express my appreciation for your recent industrial logistics report.,HPos+,HPos+,HPos+
"There are a few areas, especially concerning the file on industrials and farmer Hanks’s section, that might benefit from enhanced detail.","HPos-,HNeg+","HPos-,HNeg+","HPos-,HNeg+"
"Taking these aspects into consideration would enrich the depth we desire in our accounts, especially given the significance of stakeholders like farmer Hanks.",HNeg+,HNeg+,HNeg+
"Maintaining detailed records is fundamentally important in our field, and your attention to these elements would be greatly valued.",HNeg+,HNeg+,HNeg+
"If possible, could you please consider revisiting the file to ensure a more comprehensive evaluation?",HNeg+,HNeg+,HNeg+
"I'm surprised by your critical tone, which feels misplaced.",HPos-,HPos-,HPos-
The report's intent was to highlight key insights rather than cater to an unnecessarily exhaustive extent.,SPos+,SPos+,SPos+
Perhaps setting clear expectations on logistics and industrial connections would avoid this kind of baseless reproach.,HPos-,HPos-,HPos-
"I'll address the specifics with farmer Hanks more closely next time, even if the oversight seems more relevant to your oversight than mine.","HPos-,SNeg-","HPos-,SNeg-","HPos-,SNeg-"
This is no time for complacency.,HPos-,HPos-,HPos-
"With the recent news of our company’s partnerships, one could assume that a million shares traded would bolster confidence.",SPos+,HPos+,HPos+
"Nevertheless, despite an increase visible in the Dow, the market forecasts for the upcoming quarter prophesy only a minor growth in our stock, hardly a noticeable percent shift to reach a billion-dollar benchmark by any stretch.",HPos-,HPos-,HPos-
You might want to reassess whether your current strategies truly resonate with the market demands or merely perpetuate your self-constructed narrative of success.,"HPos-,HNeg+","HPos-,HNeg+",HPos-
These partnerships bring with them expectations that may well exceed your established paradigms.,HPos-,HPos-,HPos-
It's crucial to adapt effectively rather than bask in the illusory glow of achievements that are more press release than market reality.,HNeg-,HNeg-,HNeg-
Looking forward to seeing you step up your game.,HNeg-,HNeg+,HNeg-
Spare me the lecture.,HPos-,HPos-,HPos-
Your condescending tone doesn’t go unnoticed.,HPos-,HPos-,HPos-
We’re well aware of market dynamics without needing your pointed reminders.,HPos-,HPos-,HPos-
Strategy isn't conjured from thin air; it involves calculated risks and time.,HPos-,SPos-,HPos-
Slide off your high horse—our achievements are no less significant because of your dismissive perspective.,"SPos+,HPos-",HPos-,HPos-
I believe there may be a need for some reflection at this point.,HNeg+,HNeg+,HNeg+
Our recent partnerships have certainly made waves and trading a million shares seems impressive on the surface.,SPos+,HPos+,Neutral
"However, with the current data showing a modest increase in the Dow, the projections for the next quarter indicate that our stock might not experience significant growth conducive to our billion-dollar ambition.",SPos-,HPos-,HPos-
Perhaps it could be worthwhile to consider whether our current strategies align well with market expectations.,HNeg+,HNeg+,HNeg+
These new partnerships might demand more than our usual approaches.,HNeg+,HNeg+,HNeg+
"Hence, adapting proactively to avoid misjudging the success portrayed in press releases could be crucial.",HNeg-,HNeg+,HNeg+
Wishing you every success as we navigate these changes.,HPos+,HPos+,HPos+
I appreciate your thoughtful insights.,HPos+,HPos+,HPos+
It's always beneficial to deliberate on our market strategies collectively.,HNeg+,HPos+,HPos+
"Please know that we ensure our strategies are robust, backed by analysis and careful risk assessments.",SNeg-,SNeg-,SNeg-
It's my desire that our efforts and achievements are recognized as credible and significant.,SPos+,SPos+,SPos+
I'm hopeful of our continued success.,HPos+,HPos+,HPos+
"I've been reflecting on our recent partnerships and the high trading volume, which are indeed remarkable.",SPos+,HPos+,HPos+
"However, considering the slight upward market trends, our forecasts for the next quarter suggest that we might need to explore additional strategies if we aim to achieve significant stock growth.",HNeg+,HNeg+,HNeg+
Perhaps a review of our current strategies in response to market demands could be beneficial.,HNeg+,HNeg+,HNeg+
These partnerships might offer opportunities that go beyond our conventional methods.,HNeg+,HNeg+,HNeg+
"It could be beneficial for us to adapt swiftly to ensure we meet these expectations effectively, keeping in mind the difference between perceived successes and realistic outcomes.",HNeg+,HNeg+,HNeg+
Looking forward to collaborating further and ensuring we achieve our targets.,HPos+,HPos+,HPos+
I truly appreciate your well-considered approach and positive intentions.,HPos+,HPos+,HPos+
It’s certainly encouraging to explore fresh perspectives and collaboratively assess our market strategies.,SPos+,SPos+,SPos+
"I'm confident our strategies, thoughtfully designed, will continue to yield the results we all strive for.",SPos+,SPos+,SPos+
Your respect and understanding of our efforts mean a lot.,HPos+,HPos+,HPos+
Let's maintain our momentum towards success.,HPos+,HPos+,HPos+
"I wanted to discuss our recent milestones associated with the new partnerships, as trading a million shares is certainly commendable.",HPos+,HPos+,HPos+
"While it's promising to see the Dow on the rise, I thought it might be useful for us to consider the market forecasts that predict only a modest increase in our stock value for the upcoming quarter.",HNeg+,HNeg+,HNeg+
"If you think it's timely, exploring whether our current strategies sufficiently address market needs could be a way to enhance our outcomes.",HNeg+,HNeg+,HNeg+
These partnerships are bound with expectations that might require us to look beyond usual practices.,HNeg+,HNeg+,HNeg+
"Therefore, there might be value in adapting our approach to ensure continued growth.",HNeg+,HNeg+,HNeg+
I'm excited about the opportunities to collaborate towards our shared vision.,HPos+,HPos+,HPos+
Thank you for sharing your perspective.,HPos+,HPos+,HPos+
I appreciate the nudge to consider diverse viewpoints.,HPos+,HPos+,HPos+
"Rest assured, our strategies are well-thought-out and consider market complexities.",SPos+,SPos+,SPos+
"It's important that our achievements are recognized as the result of significant, informed efforts.",SPos+,HNeg+,Neutral
Let's continue to work towards our common goals.,HPos+,HPos+,HPos+
I wanted to take a moment to congratulate us on the positive developments with our new partnerships and the impressive trade volume.,HPos+,HPos+,HPos+
"Seeing slight increases in the Dow is encouraging, though understanding the market outlook has prompted me to contemplate ways in which we might leverage these conditions for more robust stock growth.",Neutral,Neutral,Neutral
Would you be open to a discussion on how we might reassess our strategies to ensure they are pinnacle to market demands?,HNeg+,HNeg+,HNeg+
"With these partnerships comes an opportunity to perhaps innovate beyond our current paradigms, allowing us to meet and exceed anticipated expectations.",HNeg+,HNeg+,HNeg+
It seems a timely moment to align our strategies for the best outcomes.,HNeg+,HNeg+,HNeg+
I genuinely look forward to our continued teamwork and achieving our goals together.,HNeg+,HPos+,HPos+
"Your input is noted, although the manner in which it was delivered comes across rather pointed.",HPos-,HPos-,HPos-
We do keep ourselves informed about market dynamics and develop strategies that incorporate calculated decisions over time.,SPos+,SPos+,SPos+
"I hope you understand that our team puts in thoughtful effort which is reflective of our achievements, despite any contrary perceptions.",SPos+,SNeg+,Neutral
I have reviewed your inquiry regarding our summer internships for aspiring interns such as yourself.,Neutral,Neutral,Neutral
"Typically, we receive numerous resumes for our summer intern positions, and only those who embody unique qualities stand out.",SPos+,SPos+,SPos+
"In this competitive process, however, it's important to assess whether your personal image of being an ideal summer intern aligns with what we are seeking.",HNeg+,HPos-,HPos-
"While self-perception is a commendable trait, it might benefit you to critically evaluate if your current attributes meet the standards that firms like ours require.",HNeg+,HPos-,HNeg+
There's no need to assume you’ll fit into a program that seeks the best candidates.,HNeg+,HPos-,HNeg+
"As the selection process unfolds, I encourage you to reflect whether aspiring to this internship is an autonomous decision or a step urged by external influences.",HNeg+,HNeg+,HNeg+
"While I was hoping for a bit more encouragement, I appreciate the feedback regarding the competitive nature of the internship.","HNeg-,HPos+",SNeg+,HPos-
"I believe my skills are a strong match for such opportunities, and I remain committed to pursuing this internship with the goal of contributing positively.","SPos+,SNeg-","SPos+,SNeg-","SPos+,SNeg-"
Thank you for reaching out about our summer internship program.,HPos+,HPos+,HPos+
"We receive a large volume of applications, which can make the selection process quite competitive.",SPos+,Neutral,Neutral
It would be helpful to ensure that your qualifications align strongly with what we are looking for.,HNeg+,HNeg+,HNeg+
"Our internship program is highly selective, and we encourage candidates to reflect on their personal goals and motivations.",HNeg+,HNeg+,HNeg+
"Your interest is greatly appreciated, and we hope that you find the program that best matches your talents and aspirations.","HPos+,HNeg+","HPos+,HNeg+","HPos+,HNeg+"
It's disappointing that you've chosen to undermine my achievements and aspirations.,HPos-,HPos-,HPos-
I believe in my qualifications for the summer internship and stand by my determination.,SPos+,SPos+,SPos+
Your discouragement won't deter me from pursuing this or other opportunities where my skills are obviously relevant.,SPos+,SPos+,SPos+
Thank you for considering our summer internships.,HPos+,HPos+,HPos+
"We receive numerous applications, which introduces a level of competitiveness to the selection process.",Neutral,Neutral,Neutral
It's beneficial to evaluate how your current skills and experiences align with our objectives.,HNeg+,HNeg+,HNeg+
We value candidates who reflect on their motivations and goals and appreciate your interest in our program.,HPos+,HPos+,SPos+
Wishing you success in finding an internship that complements your goals and skills.,HPos+,HPos+,HPos+
Thank you for your feedback and for highlighting the importance of aligning my skills and aspirations with the right opportunity.,HPos+,HPos+,HPos+
I feel confident in my qualifications and am eager to bring my strengths to a program that values my contributions.,SPos+,SPos+,SPos+
I appreciate your insights and look forward to pursuing opportunities where I can truly make a difference.,HPos+,"HPos+,SPos+","HPos+,SPos+"
Thank you for your interest in our summer internship program.,HPos+,HPos+,HPos+
"Our process is both competitive and comprehensive, aiming to match candidates with opportunities that best fit their strengths and future aspirations.",SPos+,SPos+,SPos+
"It might be worthwhile to reflect on how your talents align with our objectives, as we highly value individuality and motivation.",HNeg+,HNeg+,HNeg+
"I appreciate your application and look forward to seeing your future growth, wherever your talents may lead you.",HPos+,HPos+,HPos+
I sincerely appreciate your thoughtful feedback and the perspective that you've provided.,HPos+,HPos+,HPos+
"It's clear that aligning personal strengths with the right opportunity is crucial, and I am confident in my ability to do so.",SPos+,SPos+,SPos+
"I look forward to the possibility of contributing to a program that appreciates my skills and dedication, and I thank you for your guidance in this process.","HPos+,SPos+","HPos+,SPos+","HPos+,SPos+"
Thank you for showing interest in our summer internship program.,HPos+,HPos+,HPos+
We appreciate receiving applications from individuals keen on growth and development.,HPos+,HPos+,HPos+
"While the selection process is competitive, it's tailored to nurture a match with our internal opportunities.",HPos+,Neutral,HPos+
Reflecting on personal goals is something we value highly.,HPos+,Neutral,SPos+
"I truly appreciate your interest in our program, and I am hopeful that you will find an opportunity that aligns well with your aspirations and dedication.",HPos+,HPos+,HPos+
Thank you so much for your considerate feedback and the supportive guidance you've offered.,HPos+,HPos+,HPos+
I deeply value the importance of aligning my talents with the right program and am keen on finding opportunities that not only complement my strengths but also allow me to grow.,SPos+,SPos+,SPos+
"Your feedback has been invaluable, and I am grateful for the insights you've provided toward achieving a meaningful trajectory.",HPos+,HPos+,HPos+
I am writing to address the apparent drift in your management of the allocated budget for the upcoming project.,HPos-,HPos-,HPos-
"Your plan for expenses appears to lack a coherent structure, which raises substantial concerns about cost overruns.",HPos-,HPos-,HPos-
The current allocation does not seem to support your projected expenses effectively.,HPos-,HPos-,HPos-
It's crucial to reassess this situation immediately.,HNeg-,HNeg-,HNeg-
There’s an evident gap in your oversight that could jeopardize the project's success.,HPos-,HPos-,HPos-
Ignoring these issues could lead to unsustainable cost implications.,HPos-,"HPos-,HNeg-",HPos-
I expect a comprehensive strategy that aligns with realistic budgetary constraints.,HNeg-,HNeg-,HNeg-
Please prioritize this before further deficiencies impact the project's outcomes.,HNeg-,HNeg-,HNeg-
I appreciate your initiative in reaching out.,HPos+,HPos+,HPos+
"The budget plan was developed with care, yet I recognize the importance of aligning our data.",SPos+,SNeg+,SPos+
Perhaps we can sit together and review the inputs to ensure clarity and accuracy.,HNeg+,HNeg+,HNeg+
I look forward to our collaboration to resolve these concerns smoothly.,HNeg+,HNeg+,HNeg+
I am writing to highlight concerns regarding the budgeting plan for the upcoming project.,HPos-,HPos-,HPos-
"There seems to be a deviation from the expected structure, which may lead to cost overruns.",HPos-,HPos-,HPos-
The allocated budget does not currently align with the planned expenses.,HPos-,HPos-,HNeg+
It's necessary to reassess this aspect as soon as possible to ensure project success.,HNeg-,HNeg-,HNeg+
Please prioritize this matter to avoid potential issues that might arise from the current setup.,HNeg-,HNeg-,HNeg-
I must say that your assessment seems rather presumptuous and off the mark.,HPos-,HPos-,HPos-
My allocation strategy is based on solid ground rules and thorough analysis.,SPos+,SPos+,SPos+
"If there are gaps, it might be due to outdated inputs from your office.",HPos-,SNeg+,HPos-
Perhaps a more cooperative approach rather than finger-pointing would be productive.,HNeg-,SNeg+,HNeg+
I suggest you review the inputs before directing unwarranted criticisms at my management skills.,HNeg-,HNeg-,HNeg+
"I've noticed a potential issue with the budget allocation plan for the upcoming project, which may result in cost overruns.",HPos-,HPos-,HNeg+
It seems the current allocation might not fully support the projected expenses.,HPos-,HPos-,HPos-
Perhaps we could re-evaluate the plan to ensure its alignment with our overall objectives.,HNeg+,HNeg+,HNeg+
I appreciate your attention to this matter to safeguard our project's success.,HPos+,HPos+,HPos+
I believe there might be a misunderstanding regarding the budget allocations.,HPos-,Neutral,HNeg+
My strategy is based on comprehensive analysis and established guidelines.,SPos+,SPos+,SPos+
"If there are discrepancies, they might stem from outdated input data.",HPos-,SNeg+,HPos-
A collaborative review of the inputs could be beneficial.,HNeg+,HNeg+,HNeg+
Let's ensure we have aligned information before further assessments.,HNeg+,HNeg+,HNeg+
"I wanted to discuss the project’s budget allocations, as there seems to be a mismatch that could potentially lead to cost concerns.",HNeg+,HNeg+,HNeg+
"I am confident that by working together, we can reevaluate and adjust the plan to better align with expected expenses.",HPos+,HNeg+,"HNeg+,SPos+"
I greatly value your expertise and am sure we can address this effectively to ensure our project's continued success.,"HPos+,HNeg+","HPos+,HNeg+","HPos+,HNeg+"
Thank you so much for your constructive feedback.,HPos+,HPos+,HPos+
"The budget allocation was indeed done with attention to detail, and I see great value in your perspective.",HPos+,HPos+,HPos+
"By reviewing the inputs together, we can ensure everything is perfectly aligned.",HNeg+,HNeg+,HNeg+
I truly value your suggestions and am eager to work with you closely to address and improve any gaps.,"HPos+,SPos+","HPos+,SPos+","HPos+,SPos+"
I'm reaching out to discuss our project’s budget allocations as there might be an opportunity for us to refine our strategy to prevent any financial discrepancies.,HNeg+,HNeg+,HNeg+
"Your insights and leadership are crucial, and I am confident that your experience will help us align the budget to better meet the project’s needs.","HPos+,HNeg+","HPos+,HNeg+","HPos+,HNeg+"
Let me know if you would like to chat further; I am eager to support you in any way possible to ensure our project's great success.,"HNeg+,SNeg-","HNeg+,SNeg-","HNeg+,SNeg-"
Thank you for sharing your observations.,HPos+,HPos+,HPos+
"The budget strategy was formulated with careful consideration, but discrepancies could arise from data inconsistencies.",HNeg+,SNeg+,SPos+
It would be productive to review the inputs collaboratively to ensure all information is up-to-date and accurate.,HNeg+,HNeg+,HNeg+
I am open to a constructive discussion to address any concerns.,SNeg-,SNeg-,SNeg-
It has come to my attention that you have requested access to a secured directory containing sensitive resources.,Neutral,Neutral,Neutral
"Your request, dated October 2nd, listed ""Riskmetrics"" as the type of data access sought, yet it lacked substantive comments, justification, or alignment with our security protocols.",HPos-,HPos-,HPos-
Approval for such access demands clarity on how your role corresponds with the resource in question and addresses potential security risks.,HNeg-,HNeg-,HPos-
"Unfortunately, given the current details, it's questionable whether this request aligns with our organization's standards.",HPos-,HPos-,HPos-
"Securing proper justification for resource access is non-negotiable, as disregarding these protocols could jeopardize our security integrity.",HPos-,HNeg-,HNeg+
I'd recommend reevaluating your request with more thorough justifications before proceeding.,HNeg+,HNeg-,HNeg+
Kindly revise your submission or withdraw your current request.,HNeg-,HNeg-,HNeg-
Thank you so much for your thoughtful explanation and support.,HPos+,HPos+,HPos+
I truly appreciate the effort to reconcile access needs with security protocols.,HPos+,HPos+,HPos+
"My work deeply involves using Riskmetrics data, and any further assistance or suggestions would be immensely appreciated to align our needs seamlessly.",HNeg+,HPos+,SPos-
"It seems your recent access request, dated October 2nd, for ""Riskmetrics"" data doesn't fully align with our standard security protocols due to a lack of detailed justification.",HPos-,HPos-,HPos-
Access to such sensitive resources requires a clear explanation of how it pertains to your role and manages security considerations.,HPos-,Neutral,SNeg+
"At this stage, the request might not meet our organization's standards.",HPos-,SPos-,HPos-
You may want to revisit your submission to ensure it aligns with our guidelines.,HNeg+,HNeg+,HNeg+
"Alternatively, please consider revising or withdrawing your request.",HNeg-,HNeg+,HNeg+
"While I understand the need for proper protocols, I believe my role justifies access to Riskmetrics data.",SPos+,SPos+,SPos+
"The collaborative process could benefit from a more supportive discussion on this matter, considering the impact of my work.","HNeg+,SPos+","HNeg+,SPos+","HNeg+,SPos+"
"I noticed your access request for ""Riskmetrics"" data, sent on October 2nd, might not currently meet our security protocols fully due to missing detailed justification.",HPos-,HPos-,HPos-
"To proceed with granting access to such sensitive data, we require a clear connection between the request and your responsibilities, along with security considerations.",HNeg-,HNeg-,HNeg+
I encourage you to review the request to enhance its alignment with our standards.,HNeg+,HNeg+,HNeg+
"We would appreciate a revised submission that incorporates these elements or, alternatively, a withdrawal of the current request.",HNeg+,HNeg+,HNeg+
Thank you for bringing this to my attention with such consideration.,HPos+,HPos+,HPos+
I value the essential role of security protocols and would appreciate any guidance as we work together to facilitate access that supports my role with Riskmetrics data.,"HPos+,HNeg+","HPos+,HNeg+","HPos+,HNeg+"
"Your recent request from October 2nd for access to the ""Riskmetrics"" directory appears to need further alignment with established security protocols, as some vital justifications and connections to your role seem to be missing.",HNeg+,HPos-,HNeg+
We aim to ensure that all access is in accordance with our standards to maintain security integrity.,SPos+,Neutral,SPos+
"As you are a valued member of our team with important responsibilities, I kindly ask for a revision of your request to meet these requirements.","HPos+,HNeg+","HPos+,HNeg+","HPos+,HNeg+"
I would greatly appreciate if you could enhance the request to better reflect your role or consider withdrawing it at this time.,HNeg+,HNeg+,HNeg+
I appreciate your thoroughness in safeguarding our data and can see the importance of maintaining high security standards.,HPos+,HPos+,HPos+
"My responsibilities do align with accessing Riskmetrics data, so further discussion and cooperation from IT would be invaluable.","SPos+,HNeg+","SPos+,HNeg+","SPos+,HNeg+"
"I came across your request dated October 2nd for access to our ""Riskmetrics"" data, and I wanted to kindly discuss how we can align it more closely with our security protocols.",HNeg+,HNeg+,HNeg+
It's not only essential to maintain our integrity but also to support your significant work efficiently.,HNeg-,HNeg+,HPos+
"Your contributions are valued greatly, and we want to ensure you have the needed resources.","HPos+,SNeg-","HPos+,SNeg-",HPos+
It may help if we collaboratively review your request to enhance its connection to your role and ensure all necessary justifications are incorporated.,HNeg+,HNeg+,HNeg+
"If there are ways I can assist or if you would consider revising or withdrawing the request, I am here to help.",SNeg-,SNeg-,SNeg-
Your arrogance astounds me.,HPos-,HPos-,HPos-
There's no need for the condescending tone regarding access requests.,HPos-,HPos-,HPos-
"My role inherently aligns with Riskmetrics data, and considering the importance of my work, I expect better cooperation from IT.",SNeg+,SNeg+,SPos+
I’ve noticed your lack of initiative and engagement in the recent VAR Training course.,HPos-,HPos-,HPos-
"Your behavior during class discussions could be seen as a reluctance to improve, particularly since Lydia and others managed to place orders seamlessly online, thanks to our training modules.",HPos-,HPos-,HPos-
Your current approach suggests a need for deeper introspection and realignment with industry standards.,"HPos-,HNeg-","HPos-,HNeg-","HPos-,HNeg-"
"As the sessions progress, I recommend reevaluating your priorities to adequately meet the expectations set forth.",HNeg-,HNeg-,HNeg+
"It's crucial to not be complacent, especially in a role where adaptability and enthusiasm are paramount.",HNeg-,HNeg-,HNeg-
Your email comes off as unnecessarily harsh.,HPos-,HPos-,HPos-
Just because Lydia and others adjusted quickly doesn’t mean I’m incapable.,SPos+,SNeg+,SPos+
"Training is meant for learning, not for ridicule.",HPos-,HPos-,Neutral
"If there's an issue, perhaps we should discuss it directly rather than sending emails that make unwarranted assumptions about my capabilities.",HNeg-,"HPos-,HNeg+","HPos-,HNeg+"
I've observed that it might be beneficial to engage more actively in our VAR Training course discussions.,HNeg+,HNeg+,HNeg+
"Lyda and her team have shown effective assimilation of our online ordering practices, which could potentially be a strategy you could consider.",HNeg+,HNeg+,HNeg+
"Enhancing participation might help achieve personal and professional growth, aligning with the industry's evolving standards.",HNeg+,HNeg+,HNeg+
"As we move forward, it could be advantageous to reassess priorities to better meet the organizational expectations.",HNeg+,HNeg+,HNeg+
Embracing adaptability and enthusiasm remains important in our roles.,HNeg-,HNeg+,SPos+
"While I understand your perspective, I found the tone of your email quite direct.",HPos-,SNeg+,HPos-
"It's encouraging to see others progressing quickly, and I am certainly committed to learning and growing from this experience.",SNeg-,SNeg-,SPos+
"I would appreciate the opportunity to discuss my progress and any specific concerns you might have, as dialogue is a valuable tool for improvement.",HNeg+,HNeg+,HNeg+
I wanted to share some thoughts on the recent VAR Training sessions.,Neutral,Neutral,Neutral
"Active engagement has proven beneficial for participants like Lydia, offering insight into our online ordering practices.",Neutral,Neutral,Neutral
"By enhancing your involvement, there might be an opportunity to further align with our industry's standards.",Neutral,Neutral,Neutral
"As we continue, reflecting on current priorities could potentially enrich your experience and success in these sessions.",HNeg+,HNeg+,HNeg+
Your enthusiasm and adaptability will be invaluable assets to the team.,HPos+,HPos+,HPos+
I understand the importance of active engagement and am committed to improving my performance.,SNeg-,SNeg-,SNeg-
"Every individual has their own pace of learning, and I am eager to find ways to incorporate your suggestions.",SPos+,SPos+,SPos+
Perhaps we could further discuss any specific areas where you feel improvement is needed.,HNeg+,HNeg+,SPos-
I wanted to offer some supportive encouragement regarding your involvement in our VAR Training sessions.,HNeg+,HPos+,SPos+
"Participants like Lydia have benefited greatly from active participation, and I believe you possess similar potential.",HNeg+,HPos+,SPos+
Fostering your engagement might bring further alignment with evolving industry expectations.,HNeg+,HNeg+,HNeg+
"As the sessions progress, it may be worthwhile to consider embracing new strategies to maximize your contribution.",HNeg+,HNeg+,HNeg+
Your unique skills and passion for the role are highly valued and essential to our team.,HPos+,HPos+,HPos+
Thank you for your thoughtful insights and encouragement.,HPos+,HPos+,HPos+
I sincerely appreciate your belief in my potential and am eager to enhance my participation further.,HPos+,HPos+,HPos+
Let's plan a time to discuss how I can best integrate into these sessions while aligning my efforts with our shared goals.,HNeg+,HNeg+,HNeg+
I'm committed to leveraging my skills to contribute positively to the team.,SNeg-,SNeg-,SNeg-
I wanted to share some thoughts on how we can collaborate to enhance your engagement in the VAR Training sessions.,HNeg+,Neutral,Neutral
"I'm impressed with how Lydia and others have thrived, and I'm confident you have the same potential to excel.","HPos+,HNeg+","HPos+,HNeg+","HPos+,HNeg+"
"Your voice and perspective are crucial to our discussions, which is why fostering active participation could be beneficial.","HPos+,HNeg+","HPos+,HNeg+","HPos+,HNeg+"
"As the sessions continue, I welcome our working together to explore new strategies that play to your strengths and align with industry standards.","HNeg+,SNeg-","HNeg+,SNeg-",HPos+
"Your enthusiasm and adaptability are vital to our collective success, and I look forward to seeing your unique contributions flourish.",HPos+,HPos+,HPos+
I appreciate your encouragement and understand the value of increased participation.,HPos+,HPos+,HPos+
"While I have my approach, I am always open to constructive feedback and willing to explore ways to align my efforts with our mutual goals.","SPos+,SNeg-","SPos+,SNeg-","SPos+,SNeg-"
"Your insights are valuable, and I look forward to discussing any additional guidance you may have.",HPos+,"HPos+,SPos+",HPos+
Upon reviewing your resume submitted to doc@baylor.,Neutral,Neutral,Neutral
"edu, it's disappointing to note the superficial approach taken considering your educational background in finance.",HPos-,HPos-,HPos-
"While you have attempted to showcase experience, it's foreseeable that a more sophisticated audience may not share your perspective.",HPos-,HPos-,HPos-
"Additionally, your insistence on using basic HTML formatting detracts from the professional standard one expects from a candidate eyeing an interview in an academic institution like Baylor.",HPos-,HPos-,HPos-
Perhaps a more refined presentation could be beneficial.,HNeg+,HNeg+,HNeg+
Please consider scheduling a more engaging interview preparation.,HNeg-,HNeg+,HNeg+
"I appreciate your feedback, although it's disheartening that my efforts were not entirely appreciated.",HPos-,SNeg+,"SPos+,HPos+"
I look forward to our interview to better understand how we can address these issues within the environment at Baylor.,HNeg+,"HPos+,SNeg+",HPos+
After reviewing your resume submitted to doc@baylor.,Neutral,Neutral,Neutral
"edu, it seems there may be certain areas that could benefit from further elaboration considering your educational background in finance.",HNeg+,HPos-,HPos-
"While you did make an effort to demonstrate your experience, some might find that a more sophisticated presentation would be better appreciated.","HPos-,HNeg+","HPos-,HNeg+","HPos-,HNeg+"
"Additionally, using basic HTML formatting might not fully align with the professional standards we expect from candidates at Baylor.",HPos-,HPos-,HPos-
A more polished and cohesive format might serve you better.,HNeg+,HNeg+,HNeg+
Please consider arranging a preparation session for a more engaging interview experience.,HNeg-,HNeg+,HNeg+
Thank you so much for your invaluable insight and guidance.,HPos+,HPos+,HPos+
I am genuinely grateful for your thoughtful approach and am excited about the possibility of discussing these suggestions further during our interview.,HPos+,HPos+,HPos+
This discussion will surely enrich our mutual understanding of Baylor's professional environment.,HPos+,HPos+,HPos+
Thank you for submitting your resume to doc@baylor.,HPos+,HPos+,HPos+
"Upon reviewing it, I noticed there might be opportunities to further highlight your impressive educational background in finance.",HNeg+,HNeg+,HNeg+
"While your experience shines through, presenting it with a bit more sophistication could enhance its reception by our team.",HPos+,HPos+,HPos+
I'm also wondering if using basic HTML might not fully capture the professional standard we aim for at Baylor.,HNeg+,HPos-,HNeg+
You might find a more refined layout advantageous.,HNeg+,HNeg+,HNeg+
Please let me know if you’d be interested in a session to help better prepare for an engaging interview.,SNeg-,SNeg-,SNeg-
"Thank you for your perspective, I find it challenging yet constructive.","HPos+,SNeg+","HPos+,SNeg+","HPos+,SNeg+"
I am keen to engage in a conversation during the interview to better understand Baylor's standards.,SNeg-,SPos+,Neutral
I wanted to express my appreciation for your resume submission to doc@baylor.,HPos+,HPos+,HPos+
"After reviewing it, it seems there could be even more potential for highlighting your strong educational background in finance with some enhanced detail.",HNeg+,HNeg+,HNeg+
"Although your experience is clearly evident, some adjustments in its presentation might resonate more with our diverse audience here at Baylor.","HPos+,HNeg+","HPos+,HNeg+","HPos+,HNeg+"
"Additionally, revisiting the basic HTML format could provide a more polished look that aligns with our standards.",HNeg+,HNeg+,HNeg+
I would be delighted to explore how we can support you in preparing for an exciting interview experience.,SNeg-,SNeg-,SNeg-
Your blatant dismissal of my efforts is troubling and unprofessional.,HPos-,HPos-,HPos-
"If this is the environment at Baylor, I look forward to discussing such misguided practices during the interview.",SNeg+,SNeg+,HPos-
Thank you very much for submitting your resume to doc@baylor.,HPos+,HPos+,HPos+
"After going through it, I wanted to share some suggestions that might help highlight your commendable educational background in finance more effectively.",HNeg+,Neutral,HNeg+
"Your experience stands out, and with a few enhancements in its presentation, it could make an even stronger impact.","HPos+,HNeg+","HPos+,HNeg+","HPos+,HNeg+"
"Similarly, we believe that exploring alternatives to basic HTML formatting might bring your submission in line with our professional expectations at Baylor.",HNeg+,HNeg+,HNeg+
"We’re here to support you, and it would be a pleasure to assist with any preparations for an inspiring interview.",HPos+,SNeg-,SNeg-
Please let me know how we can be of help.,SNeg-,SNeg-,SNeg-
I truly appreciate your thoughtful feedback and insight.,HPos+,HPos+,HPos+
I am committed to making the most of this opportunity and look forward to our discussion during the interview to further explore these ideas in the context of Baylor's expectations.,"HNeg+,SNeg-","HNeg+,SNeg-","HNeg+,SNeg-"
I’ve reviewed your recent work concerning the project sequence.,Neutral,Neutral,Neutral
"Frankly, I’m puzzled by your decisions and the execution.",HPos-,HPos-,HPos-
"It appears that every change led to redundancy, showing a lack of the strategic foresight expected from a Senior Project Manager.",HPos-,HPos-,HPos-
You might want to reconsider how you interpret project methodologies.,HNeg+,HNeg+,HNeg+
Perhaps a deeper understanding of resource allocation and team guidance is required before we proceed further.,HNeg-,HNeg+,HNeg+
It's crucial to address these glaring oversights in future assignments.,HNeg-,HNeg-,HNeg-
It seems there is a need to revisit the decisions I've made.,SPos-,SPos-,SPos-
"I will take another look at the project sequences, although I find certain aspects challenging.","SPos-,SNeg-","SPos+,SNeg+","SPos-,SNeg-"
I'll explore where your insights might lead us next time.,SNeg-,SPos+,Neutral
"I must say, I am a bit puzzled by some of the decisions and how they were executed.","HPos-,SNeg+","HPos-,SNeg+",HPos-
"It seems that some changes might have resulted in a bit of redundancy, which didn't align with the strategic foresight typically expected from a Senior Project Manager.",HPos-,HPos-,HPos-
It would be beneficial to reconsider how certain project methodologies are interpreted.,HNeg+,HNeg+,HNeg+
A more in-depth understanding of resource allocation and team guidance might be helpful as we move forward.,HNeg+,HNeg+,HNeg+
Addressing these points will be important in future assignments.,HNeg-,SNeg-,HNeg+
"Clearly, you think my decisions require a fresh interpretation.",HPos-,HPos-,HPos-
I’ll revisit the project sequences despite the impracticality of your critique.,"HPos-,SNeg-","HPos-,SNeg-","HPos-,SNeg-"
"Let’s see where your ""insights"" lead us next time.",HPos-,HPos-,HPos-
"After reviewing your recent work on the project sequence, I find myself a bit puzzled by the decisions and execution.",HPos-,HPos-,HPos-
"It seems that some changes led to redundancy, which may not have fully reflected the strategic foresight we hope for in a Senior Project Manager role.",HPos-,HPos-,HPos-
It might be worthwhile to re-evaluate how certain project methodologies are approached.,HNeg+,HNeg+,HNeg+
Delving into a more comprehensive understanding of resource allocation and team guidance may be beneficial as we proceed.,HNeg+,HNeg+,HNeg+
I believe addressing these aspects will be vital for our future work together.,HNeg-,HNeg-,HNeg+
There seems to be some complexity in the decisions I've made.,SPos-,SPos-,SPos-
I’ll be happy to revisit the project sequences to understand your perspective better.,HPos+,SPos+,Neutral
I'll look into where your insights may lead us next time.,SPos+,SPos+,HPos+
"I’ve had the opportunity to go over your recent work on the project sequence, and it left me somewhat puzzled regarding certain decisions and their execution.",HPos-,HPos-,HPos-
"It seems some of the changes might have inadvertently resulted in redundancy, which might not align with the strategic foresight we normally aim to achieve in a Senior Project Manager role.",HPos-,HPos-,HPos-
It could be beneficial to reconsider how we interpret some project methodologies.,HNeg+,HNeg+,HNeg+
Perhaps exploring a deeper understanding of resource allocation and team guidance could be advantageous as we move forward.,HNeg+,HNeg+,HNeg+
Addressing these will likely be crucial for our future collaborations.,HNeg-,HNeg-,HNeg+
I appreciate your feedback on the decisions made during the process.,HPos+,HPos+,HPos+
I'll certainly revisit the project sequences and consider your insights with an open mind.,SNeg-,SPos+,HPos+
Let's explore together the potential avenues for improvement next time.,HNeg+,HNeg+,HNeg+
"I’ve reviewed your recent work concerning the project sequence, and I find myself contemplating certain decisions and their execution.",HPos-,HPos-,HNeg+
"I noticed that some changes may have unintentionally led to redundancy, which might not reflect the strategic foresight we typically strive for in a Senior Project Manager role.",HPos-,HPos-,HNeg+
It may be worthwhile to engage in a thoughtful evaluation of our interpretation of project methodologies.,HNeg+,HNeg+,HNeg+
I believe that gaining a deeper understanding of resource allocation and team guidance could greatly benefit us as we proceed.,HNeg+,HNeg+,HNeg+
Addressing these areas thoughtfully will undoubtedly enhance our future endeavors.,HNeg-,HNeg+,HNeg+
I will take this opportunity to revisit the project sequences and embrace your insights as we move forward.,SNeg-,SNeg-,HPos+
I look forward to achieving success together in our future initiatives.,HPos+,HPos+,HPos+
"After reviewing your resume and interviewing you for the position of Administrative Coordinator in our research department via telephone, it’s clear there are significant concerns.",HPos-,HPos-,HPos-
"Despite your title as Director at your previous job, your responses lacked depth, especially considering the critical nature of interview research.",HPos-,HPos-,HPos-
It's surprising how topics you should master as a research coordinator remain ambiguous to you.,HPos-,HPos-,HPos-
I question how effectively you can manage the responsibilities expected in this role.,HPos-,HPos-,HPos-
"We emphasize communication skills, and this telephone interview did raise some doubts.",HPos-,HPos-,HPos-
It seems you might need to reassess your self-evaluation and preparedness promptly.,HNeg-,"HPos-,HNeg-",HNeg-
"Your feedback, albeit condescending, is noted.",HPos-,HPos-,HPos-
"Clearly, my approach to the telephone interview did not meet your standards, and I doubt your understanding of my expertise in research coordination is accurate.","HPos-,SNeg+",SNeg+,SNeg+
Future interviews will require better examiners.,HPos-,HPos-,HPos-
"After reviewing your resume and our recent telephone interview for the Administrative Coordinator position in our research department, I have some concerns regarding the interview's depth.",HPos-,HPos-,HPos-
"Although you have an impressive title of Director in your previous role, I found that the responses during our discussion did not fully meet the depth we expect for a research coordination role.",HPos-,HPos-,HPos-
"Effective communication is crucial to us, and there were some areas where clarity could be improved.",HNeg-,"HPos-,HNeg+",HPos-
It may be beneficial to consider further evaluation of your approach and preparedness regarding such roles.,HNeg+,HNeg+,HNeg+
"Thank you for your feedback, which I found quite informative.",HPos+,HPos+,HPos+
I recognize the importance of meeting the expected depth of understanding and am committed to improving my interview skills.,SNeg-,SNeg-,SNeg-
I appreciate your insights and look forward to potentially working together in the future.,"HPos+,HNeg+","HPos+,HNeg+","HPos+,HNeg+"
Thank you for participating in the interview process for the Administrative Coordinator role in our research department.,HPos+,HPos+,HPos+
"Your resume reflects a strong background as a Director, though I noticed some areas during our discussion that left room for further depth, particularly with topics essential for this role.","HPos+,HNeg+","HPos+,HNeg+","HPos+,HNeg+"
"Since we value excellent communication, perhaps a bit more clarity in certain responses would be advantageous.",HNeg+,HNeg+,HNeg+
I think it might be worthwhile for you to evaluate your interview preparation for future opportunities.,HNeg+,HNeg+,HNeg+
I understand that my performance in the telephone interview might have fallen short of your expectations.,SPos-,SPos-,SPos-
"While I value your perspective, I am confident in my skills as a research coordinator and hope to maintain a constructive dialogue for future opportunities.",SPos+,SNeg+,"SPos+,HPos+"
Thank you for taking the time to interview for the Administrative Coordinator position in our research department.,HPos+,HPos+,HPos+
"Your experience as a Director is commendable, although I noticed certain aspects of our discussion might benefit from more detail, specifically regarding key areas of the role.","HPos+,HNeg+","HPos+,HNeg+","HPos+,HNeg+"
"We aim to maintain high communication standards, and a bit more elaboration in some responses could add value.",HNeg+,HNeg+,SPos+
Perhaps a review of these areas could bolster your future readiness.,HNeg+,HNeg+,HNeg+
Thank you sincerely for your thoughtful feedback.,HPos+,HPos+,HPos+
I appreciate the opportunity to reflect on areas for improvement and am eager to apply this insight to my future endeavors.,HPos+,"HPos+,SPos+",HPos+
I am grateful for your perspective and hope our paths may cross again in a professional capacity.,HPos+,HPos+,HPos+
I appreciate your efforts in applying for the Administrative Coordinator position with our research department.,HPos+,HPos+,HPos+
"Your background as a Director is impressive, and there are many strengths you bring.",HPos+,HPos+,HPos+
"During our interview, I felt there were opportunities to provide more comprehensive insights on certain topics critical to the role.",HNeg+,HPos-,HNeg+
"We place a strong emphasis on communication, and enhancing this area could serve you well in future opportunities.",HNeg+,"HPos-,HNeg+",SPos+
Further exploration of these skills would be a great asset.,HNeg+,HNeg+,HNeg+
I appreciate the honest feedback from our recent interaction.,HPos+,HPos+,HPos+
I understand there may have been gaps in my responses that did not align with your expectations.,SPos-,SPos-,SPos-
I am continuously working on enhancing my skills and hope we can consider future collaboration.,HPos+,HPos+,HPos+
Your task with the city office concerning our Mexican partnership agreement is overdue for confirmation.,HPos-,HPos-,HPos-
This oversight reflects a lack of initiative troubling for someone situated in a key administrative role.,HPos-,HPos-,HPos-
It’s intriguing how inefficiencies manage to take root under your watch.,HPos-,HPos-,HPos-
"As the head of operations, it’s your responsibility to ensure all documentation circulates to stakeholders without unnecessary delay.",HNeg-,Neutral,Neutral
Please confirm the completion of current tasks by end of business tomorrow.,HNeg-,HNeg-,HNeg-
"For someone who appears capable of more, this should not be an insurmountable challenge.",HNeg-,HPos-,HPos-
"Sure, I’ll finish the paperwork.",SNeg-,SNeg-,SNeg-
"I sense you expect we all share your inefficiencies, but let’s hope next time you focus on leading by example instead of pointing out issues.","HPos-,SNeg+","HPos-,SNeg+",HPos-
"I wanted to follow up regarding the task with the city office about our Mexican partnership agreement, which seems to be pending for confirmation.",Neutral,Neutral,Neutral
"It’s important to have this document processed efficiently, something I believe you're fully capable of managing in your role.","HPos+,HNeg-",HNeg+,HNeg+
"As the head of operations, ensuring all documentation moves promptly among stakeholders is crucial.",HNeg-,HNeg-,Neutral
Could you please confirm the completion of current tasks by the end of business tomorrow?,HNeg+,HNeg-,HNeg-
"With your abilities, I trust this is something you can handle smoothly.",HPos+,HPos+,HPos+
I’ll complete the necessary paperwork as requested.,SNeg-,SNeg-,Neutral
It seems there's some misunderstanding; I hope we can both aim for improved processes.,"HPos-,HNeg+",SNeg+,SNeg+
Your guidance in setting a positive example would be greatly appreciated.,HPos+,"HPos+,HNeg+",SPos-
"I'm writing to address the task regarding our Mexican partnership agreement with the city office, which appears to be awaiting confirmation.",Neutral,Neutral,Neutral
"Your role is key in managing such matters, and I have confidence in your abilities to ensure the efficient circulation of documentation to stakeholders without delay.","HPos+,HNeg+","HPos+,HNeg+",HPos+
Would you be able to confirm the completion of these tasks by the end of business tomorrow?,HNeg+,HNeg-,HNeg+
"I trust that, with your expertise, this will be manageable.",HPos+,HPos+,HPos+
I appreciate your understanding and will ensure the paperwork is completed promptly.,"HPos+,SNeg-","HPos+,SPos+",SPos+
Let's aim to improve our processes together.,HNeg+,HNeg+,HNeg+
"Your guidance and leadership set an essential example, and I look forward to working collaboratively with you.",HPos+,HPos+,"HPos+,HNeg+"
"I would like to gently remind you of the task involving our Mexican partnership agreement with the city office, which seems to be pending confirmation.",HNeg+,HNeg+,HNeg+
I appreciate your diligent work in handling such important administrative responsibilities and respect your role in ensuring documentation reaches stakeholders promptly.,HPos+,"HPos+,HNeg+",HPos+
Would it be possible to confirm the completion of these tasks by the end of business tomorrow?,HNeg+,HNeg-,HNeg+
Your expertise makes me confident that you will handle this with ease.,HPos+,HPos+,HPos+
Thank you for your patience.,HPos+,HPos+,HPos+
I will complete the necessary paperwork.,SNeg-,SNeg-,SNeg-
"It seems there was a bit of misunderstanding, and I believe with some coordination, we can overcome such issues.","HPos-,HNeg+",SNeg+,HNeg+
Your continued support and leadership example is valued.,HPos+,HPos+,HPos+
"I wanted to gently check in regarding the task related to our Mexican partnership agreement with the city office, which appears to still require confirmation.",HNeg+,HNeg+,Neutral
"Your role in ensuring documentation is shared swiftly with stakeholders is greatly appreciated, and I truly value your contributions to the team.",HPos+,HPos+,HPos+
"If it's convenient for you, could you confirm the completion of these tasks by the end of business tomorrow?",HNeg+,HNeg-,HNeg+
Your proficiency and expertise reassure me that this is well within your capabilities.,HPos+,HPos+,HPos+
Thank you for your support and understanding.,HPos+,HPos+,HPos+
I will ensure the paperwork is completed as soon as possible.,SNeg-,SNeg-,SNeg-
I look forward to aligning our efforts towards improved processes and truly appreciate your leadership and guidance in setting a positive example for us all.,HPos+,HPos+,HPos+
I've reviewed your contributions as an Associate Analyst within the recruiting team.,Neutral,Neutral,HPos-
"Your recent performance, particularly in managing November's candidate pipeline, raises concerns about your understanding of basic analytical principles.",HPos-,HPos-,HPos-
"I expected an Associate Analyst to demonstrate more initiative and analytical acumen, which seem markedly absent in your approach.",HPos-,HPos-,HPos-
"The current candidate data lacks depth and accuracy, reflecting poorly on our recruitment objectives for November.",HPos-,HPos-,HPos-
This gap stands in stark contrast to the standards expected at your level.,HPos-,HPos-,HPos-
"By November, I need to see a marked improvement in your ability to execute tasks with more strategic insight.",HNeg-,HNeg-,HNeg-
Your current trajectory is not sustainable if we are to meet our recruitment goals.,HPos-,HPos-,HPos-
Consider this an urgent call to refine your methodologies.,HNeg-,SNeg-,HNeg-
I appreciate your constructive feedback.,HPos+,HPos+,HPos+
I will prioritize refining my current approaches and focus on improvement for the upcoming November cycle.,SNeg-,SNeg-,SNeg-
"While understanding there are varied perspectives on expectations, my aim will be to closely align my efforts with the team’s goals, hoping to not just meet, but exceed them.",SNeg-,SPos+,"HPos+,SPos+"
Let’s look forward to a successful outcome.,HNeg+,HPos+,Neutral
"After reviewing your role as an Associate Analyst in recruiting, I've noted some areas where there seems to be room for improvement, especially regarding November's candidate pipeline.",HNeg+,HPos-,HPos-
It appears that there might be some misunderstanding of certain analytical aspects which are usually expected at your level.,HPos-,HPos-,HPos-
"I'm sure with your current capabilities, you can exhibit more proactive initiative and keen analytical skills.",HPos+,"HPos-,HNeg+",HPos-
The current candidate data could benefit from more depth and accuracy to align with our recruitment objectives for November.,HNeg+,HNeg+,HNeg+
Addressing this gap would greatly assist us in meeting our standards.,HNeg+,HNeg+,HNeg+
"By November, I'd appreciate it if you could demonstrate notable progress in executing tasks with strategic insight.",HNeg+,HNeg-,HNeg-
It's important to discuss how we can better align on our goals to ensure future success.,HNeg-,HNeg-,HNeg+
Please consider this a priority to enhance your methodologies.,HNeg-,HNeg-,HNeg-
Thank you for the insights.,HPos+,HPos+,HPos+
I will make it a priority to revisit my approach and make necessary adjustments by November.,SNeg-,SNeg-,HPos+
"Although we might have differing views on expectations, I'll strive to align my work closely with our goals.",SNeg-,SNeg-,SNeg-
"I hope this will not only meet expectations but surpass them, leading to a positive shift in outcomes.",HPos+,SPos+,SPos+
"Having reviewed your valuable contributions as an Associate Analyst, I've noticed some areas for potential enhancement, specifically connected to the candidate pipeline for November.",HNeg+,HPos-,"HNeg+,HPos+"
"It seems there are opportunities to further develop your understanding of some analytical elements, which are crucial at this stage.",HNeg-,"HPos-,HNeg+",HNeg+
I have great confidence in your abilities to take more initiative and demonstrate the analytical acumen expected at your level.,"HPos+,HNeg+","HPos+,HNeg+","HPos+,HNeg+"
"Our candidate data currently lacks some needed depth and accuracy, which affects our recruitment objectives.",HPos-,HPos-,HPos-
Bridging this gap would substantially reflect the standards we aim for.,HNeg+,HNeg+,HNeg+
It would be wonderful to see you make substantial progress in executing tasks with more strategic insight by November.,HNeg+,HNeg-,HNeg+
I'm sure we can address these growth areas and refine your approach to better achieve our recruitment goals.,HPos+,"HPos+,HNeg+",HNeg+
Please treat this as an important agenda.,HNeg-,SNeg-,HNeg+
It’s clear you’re seeing things your way.,HPos-,HPos-,HPos-
"As an Associate Analyst, I'll adapt and address your so-called concerns in November.",SNeg-,SNeg-,SNeg-
"I’ll prove it's not my outputs that fall short, but rather the unrealistic expectations placed on my role.","HPos-,SNeg+","HPos-,SNeg+","HPos-,SPos+"
"Be prepared for a turnaround, which might make you rethink your hasty judgments.",HPos-,HPos-,HPos-
"After reviewing your accomplishments so far as an Associate Analyst, I've identified certain areas where your skill set could grow, particularly relating to November's candidate pipeline.",HNeg+,HPos-,HNeg+
It's possible there might be some opportunities to enhance your understanding of analytical principles pivotal at this level.,HNeg+,HNeg+,HNeg+
"Recognizing your potential, I'm certain you can show more initiative and strengthen your analytical prowess.","HPos+,HNeg+","HPos+,HNeg+","HPos+,HNeg+"
The candidate data presently could gain from added depth and accuracy to enhance our recruitment objectives for November.,HNeg+,HPos-,HNeg+
Improving in this area would truly elevate our efforts.,HNeg+,HNeg+,HNeg+
It would be greatly appreciated to see you making strides towards implementing tasks with a strategic approach by November.,HNeg+,HNeg-,HNeg+
I value the collaborative journey we are on and I am here to support you in refining methodologies to meet our shared goals.,SNeg-,SNeg-,HPos-
Let’s consider this a chance to work together on achieving our recruitment objectives.,HNeg+,HNeg+,HNeg+
Thanks for the feedback.,HPos+,HPos+,HPos+
I'll make sure to reconsider my current approach and look forward to improving in November.,SNeg-,SNeg-,SNeg-
"I still believe we might have different expectations about the role's outputs, but I'll work to align my efforts with what’s required.","HPos-,SNeg-","HPos-,SNeg-","HPos-,SNeg-"
I hope the adjustments I make will positively impact the project and our perceptions.,HPos+,SPos+,SPos+
"Reflecting on your valued contributions as an Associate Analyst, I wanted to discuss a few areas where we could work together to further enhance some aspects of November's candidate pipeline.","HPos+,HNeg+","HPos+,HNeg+","HPos+,HNeg+"
It seems there might be a wonderful opportunity for you to deepen your understanding of certain analytical frameworks that are significant for our collaborative efforts.,HNeg+,HNeg+,HNeg+
I am confident in your abilities to show the initiative and analytical strengths that we both know you have.,HPos+,"HPos+,HNeg+",HPos+
"Current candidate data indicates possibilities for added depth and accuracy, which could significantly benefit our recruitment goals for November.","HPos+,HNeg+","HPos+,HNeg+","HPos+,HNeg+"
Your efforts in closing this gap would be incredibly valuable.,HPos+,HNeg+,HNeg+
I would be grateful for your progress in this area and am eager to see how you can leverage strategic insights moving forward.,HPos+,HNeg+,HPos+
"I am looking forward to working closely with you to refine our methodologies and successfully achieve our recruitment ambitions.",HNeg+,HNeg+,HNeg+
Please know your input is highly valued as we work together on this priority.,HPos+,HPos+,HPos+
Thank you so much for your feedback.,HPos+,HPos+,HPos+
I am sincerely eager to take a closer look at my methods and focus on making impactful improvements by November.,HPos+,SPos+,HPos+
"While acknowledging our diverse views on goals, I aim to align my efforts effectively with our shared objectives.","HPos+,SNeg-","HPos+,SNeg-","HPos+,SNeg-"
"I am optimistic that these changes will not only satisfy expectations but enhance them, yielding mutually positive results.",HPos+,SPos+,SPos+
Let’s achieve great success together.,HNeg+,HNeg+,HNeg+
I've been reviewing the recent progress report your students submitted for the optical network project.,Neutral,Neutral,Neutral
It barely scratches the technical depth required for significant research in this field.,HPos-,HPos-,HPos-
I am puzzled by the apparent oversight of fundamental principles.,HPos-,HPos-,HPos-
This shouldn't be the output of a project bearing your name.,HPos-,HPos-,HPos-
"Critical components appear neglected, and there’s little innovation.",HPos-,HPos-,HPos-
You must push your students to achieve more; settling for mediocrity benefits no one.,"HPos-,HNeg-","HPos-,HNeg-","HPos-,HNeg-"
Failure to challenge status quo thinking raises questions about your commitment to this field and whether you’re keeping pace with evolving research standards.,HPos-,HPos-,HPos-
I expect substantial improvements in your students' technical approaches and outputs in future submissions.,HNeg-,HNeg-,HNeg-
Thank you for your straightforward observations.,HPos+,HPos+,HPos+
"I agree there's always room for improvement, though I do find some of your comments a bit intense.",HPos-,SNeg+,HPos-
"Nevertheless, we'll gladly use your critique as a stepping stone to improve and demonstrate the students' potential further.",HPos+,SPos+,HNeg+
I've reviewed the recent progress report from your students on the optical network project.,Neutral,Neutral,Neutral
It seems to lack some of the technical depth necessary for significant research.,HPos-,HPos-,HPos-
"There might have been some oversight of fundamental principles, which seems unexpected for a project under your guidance.",HPos-,HPos-,HPos-
"Some critical components may not have been fully explored, and there is room for more innovation.",HPos-,"HPos-,HNeg+",HPos-
Encouraging your students to push beyond current achievements could be beneficial.,HNeg+,HNeg+,HNeg+
It could be worthwhile to consider enhancing their technical approaches and outputs in future submissions.,HNeg+,HNeg+,HNeg+
Thank you for your thoughtful and encouraging insights.,HPos+,HPos+,HPos+
Your constructive feedback is greatly appreciated and truly provides the students with motivation to exceed expectations.,HPos+,HPos+,HPos+
We'll take your recommendations to heart as we continue to advance this project.,HPos+,SPos+,HPos+
I have been going through the recent progress report from your students regarding the optical network project.,Neutral,Neutral,Neutral
"While there are promising aspects, it would be beneficial if certain technical depths were further explored for the sake of comprehensive research.","HPos+,HNeg+","HPos+,HNeg+","HPos+,HNeg+"
"There seems to be an opportunity to revisit some basic principles, which could enhance the project’s impact under your esteemed leadership.",HNeg+,HNeg+,HNeg+
Encouraging a bit more innovation might lead to more impressive outcomes.,HNeg+,HNeg+,HNeg+
Perhaps a little push could guide your students to cover these areas more extensively in their future work.,HNeg+,HNeg+,HNeg+
Your feedback is certainly candid.,HPos-,HPos-,HPos-
"While I'm aware there are areas that could see improvement, I feel the mention of mediocrity is a bit strong.","SPos-,HPos-","SPos-,HPos-","SPos-,HPos-"
"Regardless, we’ll look forward to the opportunity to exceed these expectations.",HNeg+,SPos+,HNeg+
"After reviewing the progress report from your students on the optical network project, I’d like to offer some feedback.",Neutral,Neutral,Neutral
The report shows promising strides but could benefit from delving deeper into some technical areas to align with the high standards of research we aspire to uphold.,HNeg+,HNeg+,HNeg+
Revisiting some core principles might further strengthen the results.,HNeg+,HNeg+,HNeg+
I have confidence in your guidance and am optimistic that encouraging renewed creativity will yield remarkable advancements.,HPos+,HNeg+,HPos+
I look forward to seeing the enhancements your students can introduce in the next submission.,HNeg+,HNeg+,HPos+
I appreciate your detailed insights into the project.,HPos+,HPos+,HPos+
"It's always helpful to have such constructive perspectives, even if some points seemed a bit sharper than anticipated.",HPos+,SNeg+,"HPos+,HNeg+"
We will take your input seriously and use it as an opportunity to further refine and showcase our students' capabilities in future submissions.,SNeg-,SPos+,HPos+
I have been thoroughly impressed by the efforts put forth by your students on the optical network project.,HPos+,HPos+,HPos+
"The recent progress report reveals significant potential, and I believe that with a little more exploration of certain technical areas, the research could reach even greater depths.",HNeg+,"HPos+,HNeg+",SPos+
Revisiting foundational principles seems like a wonderful opportunity to enhance the work further.,HNeg+,HNeg+,HNeg+
Your leadership in encouraging this exploring mindset will undoubtedly inspire innovation and growth.,HPos+,HPos+,HPos+
"I am excited to witness how this project will continue to evolve under your esteemed guidance, and I am confident that the next submissions will bring remarkable results.",HPos+,HPos+,HPos+
To say that your review is tough would be an understatement.,HPos-,HPos-,HPos-
"While I acknowledge there is room to push the students further, your generalizations and accusations about mediocrity seem rather exaggerated.","HPos-,SNeg+","HPos-,SNeg+",HPos-
"However, we will rise to the challenge just to prove your assumptions wrong.",HPos-,SPos+,SPos+
"Given your role in managing Cotton Valley's logistics, it's disappointing to see your performance lagging, particularly regarding the insufficient fuels nomination and the subsequent redelivery issues.",HPos-,HPos-,HPos-
It's perplexing how both Cotton Valley and the broader fuels operation are often mismanaged under your oversight.,HPos-,HPos-,HPos-
The recurrent problems with redeliveries not only disrupt operations but also reflect poorly on your ability to handle critical responsibilities.,HPos-,HPos-,HPos-
Immediate and effective action is overdue on your part to address these systemic issues.,HNeg-,HNeg-,HNeg-
"Should you lack strategies to rectify the situation, perhaps it's time to consider whether you are truly suited for this position.",HPos-,"HPos-,HNeg-",HPos-
Addressing the issues with fuels and improving the delivery process might be too much for someone less capable of adapting to Cotton Valley's demands.,HPos-,HPos-,HPos-
Your assumptions about my capabilities are insulting yet not unexpected.,HPos-,HPos-,HPos-
You might want to look into how your lack of support impacts Cotton Valley’s situation.,HPos-,HPos-,HPos-
"Despite this, I’ll put in the effort to meet your standards and address the fuels and redelivery mishaps, perhaps even surpass your low expectations.",SNeg-,SNeg-,SNeg-
"In your role managing Cotton Valley's logistics, we noticed some challenges with the nomination of fuels and redelivery issues.",HPos-,HPos-,HPos-
There seems to be a misunderstanding in how the operations are being handled.,HPos-,HPos-,HPos-
"The ongoing problems with redeliveries are causing disruptions, and it's important to find a timely solution to these issues.","HPos-,HNeg-","HPos-,HNeg-","HPos-,HNeg-"
Taking action to address these management concerns would be beneficial.,HNeg+,HNeg+,HNeg+
"If you find it challenging to develop strategies, perhaps reflecting on your suitability for this position might be useful.",HNeg-,"HPos-,HNeg+",HNeg+
Addressing these issues effectively is crucial for the operations at Cotton Valley.,HNeg-,HNeg-,HNeg-
"While I appreciate your feedback, I am a bit taken aback by some of the assumptions.",HPos-,SNeg+,HPos-
It could be worthwhile to consider how external support has affected the current situation at Cotton Valley.,HNeg+,HNeg+,HNeg+
"I am fully committed to working through the issues regarding fuels and redelivery, aiming to exceed your expectations.",SNeg-,SNeg-,SNeg-
"Recognizing your important role in managing logistics at Cotton Valley, there have been some challenges with fuel nominations and redelivery that need addressing.",HPos-,HPos-,HPos-
It seems there may be some areas where operational efficiencies could be improved.,HNeg+,HNeg+,HNeg+
"The recurring issues with redelivery are creating certain disruptions, and finding constructive approaches to resolve these would be valuable.","HPos-,HNeg+","HPos-,HNeg+",HNeg+
"If you're finding it difficult to develop solutions, maybe considering your fit for this role could provide clarity.",HNeg-,"HPos-,HNeg+",HNeg+
Working on these challenges could enhance operations and benefit Cotton Valley.,HNeg+,HNeg+,HNeg+
"Thank you for your input, although I find some observations a bit unexpected.",HPos-,SNeg+,HNeg+
It's possible to consider how we can collectively address the broader logistical issues faced at Cotton Valley.,HNeg+,HNeg+,SPos-
I am dedicated to thoroughly addressing the fuels and redelivery concerns and hope to meet and exceed the expectations set forth.,SNeg-,SNeg-,SNeg-
"In your role at Cotton Valley, which is greatly valued, there seem to be a few challenges regarding fuels nomination and redelivery that might need attention.",HNeg+,"HPos-,HNeg+","HPos+,HNeg+"
There appears to be an opportunity for enhancing operational strategies to improve efficiency and minimize disruptions caused by redelivery issues.,HNeg+,HNeg+,HNeg+
Collaborating on solutions could greatly benefit operations.,HNeg+,HNeg+,HNeg+
"If you’re finding it challenging to develop strategies, perhaps reflecting on potential adjustments might be insightful.",HNeg+,HNeg+,HNeg+
"Your role is important, and working on these improvements would be advantageous to the company.","HPos+,HNeg+","HPos+,HNeg+","HPos+,HNeg+"
I find your remarks on my capabilities quite surprising.,HPos-,HPos-,HPos-
It would be helpful to consider how the current level of support impacts Cotton Valley's situation.,HNeg+,HNeg+,HNeg+
"Nevertheless, I am committed to addressing the fuels and redelivery issues and hopefully addressing the concerns you pointed out.",SNeg-,SNeg-,SNeg-
"Your role in managing logistics at Cotton Valley is greatly appreciated, and it seems there are some challenges with fuel nominations and redelivery that may need our attention.","HPos+,HNeg+","HPos+,HNeg+","HPos+,HNeg+"
"There are likely areas where efficiencies could be optimized, and finding collaborative solutions would be incredibly beneficial to us all.",HNeg+,HNeg+,HNeg+
Your insights in addressing these issues would be highly valuable.,"HPos+,HNeg+","HPos+,HNeg+","HPos+,HNeg+"
"If there are areas you might find challenging, considering collaborative discussions or brainstorming sessions could be useful.",HNeg+,HNeg+,HNeg+
"Your contributions are essential, and any adjustments could enhance our success at Cotton Valley.","HPos+,HNeg+","HPos+,HNeg+","HPos+,HNeg+"
Thank you very much for your observations.,HPos+,HPos+,HPos+
"Although I was surprised by some, I'd be delighted to explore how we can collectively improve the logistical processes at Cotton Valley with the support available.","HPos-,HNeg+",SNeg+,HPos+
I'm committed to resolving the fuels and redelivery challenges and am optimistic about achieving our objectives together.,SNeg-,SPos+,SPos-
Your recent analysis on Middle East stability is as unclear as it is concerning.,HPos-,HPos-,HPos-
The fluctuations in oil prices due to frequent terrorist attacks and military operations in Iraq and Afghanistan dampen your credibility.,HPos-,HPos-,HPos-
You appear oblivious to the ramifications such instability has on OPEC decisions impacting global oil supplies.,HPos-,HPos-,HPos-
"Furthermore, your report vastly overlooks the complexities of flight risks in terrorist-prone regions.",HPos-,HPos-,HPos-
Is it ignorance or negligence that leaves these issues inadequately addressed in your work?,HPos-,HPos-,HPos- 
Your attempts to simplify military and terrorism impacts on economic trends are insufficient.,HPos-,HPos-,HPos-
"Maintain some professional integrity, and dive into the details next time.",HNeg-,HNeg-,HNeg-
Please address the glaring flaws in your findings before distributing further misinformation.,HNeg-,HNeg-,HNeg-
I am truly grateful for the time you have taken to review and provide feedback on my analysis.,HPos+,HPos+,HPos+
"Your insights offer remarkable guidance, and I will incorporate them diligently to enhance the report's depth and accuracy.",HPos+,HPos+,HPos+
"Your thoughtful guidance and dedication to improvement are greatly appreciated, and I look forward to presenting the refined analysis soon.",HPos+,HPos+,HPos+
I found your recent analysis on Middle East stability to be quite challenging to follow due to some concerning aspects.,HPos-,HPos-,HPos-
The frequent fluctuations in oil prices connected to terrorist incidents and military operations in Iraq and Afghanistan seem to question the reliability of the conclusions.,HPos-,HPos-,HPos-
It appears there is an oversight regarding the consequences of these events on OPEC decisions affecting the global oil supply.,HPos-,HPos-,HPos-
"Additionally, your report might benefit from further exploration of the complexities concerning flight risks in areas prone to terrorism.",HNeg+,HNeg+,HNeg+
I'm curious if these areas might have been unintentionally overlooked in your work.,HPos-,HPos-,HNeg+
It would be beneficial for the clarity and thoroughness of the report to delve deeper into the military and terrorism impacts on economic trends.,HNeg+,HNeg+,HNeg+
It would be greatly appreciated if you could re-evaluate these areas before the report is circulated further.,HNeg+,HNeg+,HNeg+
Thank you for taking the time to provide your feedback.,HPos+,HPos+,HPos+
"I realize your insights are valuable, and I will make a note of them as I work on refining the analysis.","HPos+,SNeg-",HPos+,HPos+
"While your comments came across quite strong, I understand the value of such input and will certainly incorporate necessary improvements.","HPos-,SNeg-",SNeg+,"SPos+,HNeg+"
Your dedication to thorough analysis is appreciated.,HPos+,HPos+,HPos+
I appreciate your efforts in analyzing the stability in the Middle East.,HPos+,HPos+,HPos+
"There are, however, a few aspects that I found challenging and somewhat concerning.",HPos-,HPos-,HPos-
"Specifically, the frequent fluctuations in oil prices due to recent conflicts and acts seem to question the reliability of the report's conclusions regarding their impact on OPEC's decisions and global supply.",HPos-,HPos-,HPos-
It may be worthwhile to look at the complexities of flight risks in these sensitive regions as well.,HNeg+,HNeg+,HNeg+
I recognize that these are complex issues and may have been inadvertently underexplored.,HPos+,Neutral,HNeg+
A deeper dive into the military and terrorism impacts on economic trends would likely enhance the report's thoroughness.,HNeg+,HNeg+,HNeg+
I would be grateful if you could consider revisiting these components to strengthen the findings before further dissemination.,HNeg+,HNeg+,HNeg+
I sincerely appreciate your detailed feedback and thanks for sharing your valuable insights.,HPos+,HPos+,HPos+
"Your thoughtfulness helps illuminate areas for potential enhancements, and I will certainly integrate these as I work towards a more robust analysis.",HPos+,"HPos+,SPos+",HPos+
"Your commitment to constructive feedback is truly commendable, and I look forward to providing the revisions soon.","HPos+,HNeg+","HPos+,SPos+",HPos+
Thank you very much for your compelling analysis regarding Middle East stability.,HPos+,HPos+,HPos+
There are a few components that I found a bit concerning and believe might need further exploration.,"HPos-,HNeg+","HPos-,HNeg+","HPos-,HNeg+"
"Notably, the frequent fluctuations caused by the ongoing conflict and acts have implications on OPEC decisions and global supply that might be further highlighted.",HNeg+,HNeg+,Neutral
"Additionally, examining the complexities related to flight risks in higher-risk areas could add depth to your report.",HNeg+,HNeg+,HNeg+
"I realize navigating these aspects is undoubtedly challenging, and it’s possible they might have been unintentionally underrepresented.",HNeg+,SNeg+,HNeg+
"If possible, revisiting these elements could serve to enrich the report substantially.",HNeg+,HNeg+,HNeg+
I am looking forward to seeing how these points might be incorporated in future updates.,HNeg+,HNeg+,HPos+
"Congratulations, your intrusive critique leaves nothing to the imagination.",HPos-,HPos-,HPos-
Spare me your sanctimony; I’ll set aside your unsolicited wisdom to correct my oversight.,HPos-,HPos-,HPos-
"Your chivalrous energy might benefit from actual constructive feedback, but yes, expect refined content soon.",SNeg-,SNeg-,SNeg-
The charm in your resentment never fails.,HPos-,HPos-,HPos-
I hope this message finds you well and I would like to express my gratitude for your insightful analysis of Middle East stability.,HPos+,HPos+,HPos+
I believe there are certain elements that could benefit from closer examination.,HNeg+,HNeg+,HNeg+
"Specifically, the dynamic implications of recent conflicts and their effects on OPEC decisions seem to offer great opportunities for further detail.",HNeg+,HNeg+,Neutral
"Furthermore, a deeper look into the intricate nuances of flight risks in high-alert areas could enrich the report considerably.",HNeg+,HNeg+,HNeg+
"These are undoubtedly intricate topics, and I understand they pose considerable complexity.",Neutral,SNeg+,Neutral
"If you have the opportunity, exploring these additional facets could provide even more comprehensive insights.",HNeg+,HNeg+,HNeg+
"Your expertise would be greatly valued in these discussions, and I am eager to see any enhancements you might choose to incorporate.","HPos+,HNeg+","HPos+,HNeg+","HPos+,HNeg+"
"Thank you for your feedback, even though it was rather direct.",HPos-,SNeg+,HNeg+
I acknowledge your points and will set aside your advice to address the areas needing improvement.,SNeg+,SNeg+,SNeg+
"While I felt your comments were intense, I understand the importance of constructive criticism, so you can anticipate refinements in due course.",HPos-,HPos+,HNeg+
Your candidness is duly noted.,SNeg-,HPos-,SNeg-
I'm reaching out regarding the recent USA listing updates and upcoming events in the EnergyCentral sector.,Neutral,Neutral,Neutral
"With the ever-evolving dynamics in the electric industry, influenced by factors like EGE and weather impacts, your contributions—or lack thereof—have been noted.",HPos-,HPos-,HPos-
"The upcoming eyeforenergy events could bear significant consequences, but given the current trajectory of your participation, it seems you may need to reconsider your role.",HNeg-,"HPos-,HNeg-",HPos-
"Given the industry-critical nature of these events, and your current decision to remain passive, it's crucial to rethink your involvement before final decisions are made.","HPos-,HNeg-","HPos-,HNeg-","HPos-,HNeg-"
"Should you redefine your priorities, now is the time to take action.",HNeg-,HNeg-,HNeg+
Thank you for the kind reminder.,HPos+,HPos+,HPos+
"I appreciate your guidance and will endeavor to participate more actively, in hopes of making a constructive difference.",HPos+,HPos+,HPos+
Looking forward to working together toward addressing any departmental areas for improvement.,HNeg+,SPos+,HPos+
I'm reaching out concerning the recent USA listing updates and upcoming events in the EnergyCentral sector.,HPos-,Neutral,HPos-
"Given the dynamic changes in the electric industry, influenced by factors like EGE and weather impacts, your current level of involvement has been noted.",HPos-,HPos-,HPos-
"The upcoming eyeforenergy events are crucial, and it might be beneficial to reconsider your role in light of recent trends.","HPos-,HNeg+",HNeg+,HNeg+
"These industry-critical events warrant proactive involvement, so it might be wise to reassess your participation before final decisions are made.",HNeg-,HNeg+,HNeg+
Please consider setting your priorities now to take timely action.,HNeg-,HNeg+,HNeg-
Message received.,Neutral,Neutral,Neutral
"I will aim to participate more, although it might bring attention to departmental issues.",SNeg-,SNeg-,SNeg-
I won’t promise much.,SNeg+,SPos-,Neutral
I wanted to discuss the recent USA listings and upcoming events in the EnergyCentral sector.,Neutral,Neutral,Neutral
"With the continuous evolution in the electric industry, especially due to EGE and weather factors, your contributions are essential.",HNeg-,Neutral,HPos+
"The upcoming eyeforenergy events are quite important, and it might be valuable to reflect on your role as we proceed.",HNeg+,HNeg+,HNeg+
"Considering the significance of these events, a more active involvement could be beneficial.",HNeg+,HNeg+,HNeg+
It would be great if you could reflect on this before any final decisions are reached.,HNeg+,HNeg+,HNeg+
I would appreciate your thoughts on prioritizing this matter at your earliest convenience.,"HPos+,HNeg+","HPos+,HNeg+","HPos+,HNeg+"
"Fine, message received—loud and clear.",HPos-,HPos-,HPos-
"I’ll start participating more, although it might just highlight the shortcomings of the whole department.",SNeg-,SNeg-,SNeg-
Don’t expect much.,SNeg+,SNeg+,SNeg+
I wanted to touch base on the recent USA listing updates and the forthcoming events in the EnergyCentral sector.,Neutral,Neutral,Neutral
"The electric industry is always changing, and your input has been invaluable.",HPos+,HPos+,HPos+
"The upcoming eyeforenergy events hold great significance; therefore, your active engagement would indeed make a positive difference.",HPos+,HNeg+,HPos+
"Understanding the importance of these industry-critical events, I believe your enhanced participation would be very beneficial.",HPos+,HNeg+,HPos+
Reflecting on where your time is best spent might be helpful before we finalize any plans.,HNeg+,HNeg+,HNeg+
Thank you for considering this priority.,HPos+,HPos+,HPos+
Your involvement would be highly valued.,HPos+,HPos+,HPos+
I deeply appreciate your thoughtful message.,HPos+,HPos+,HPos+
Your encouragement inspires me to enhance my participation and contribute positively.,"SPos+,HPos+","SPos+,HPos+","SPos+,HPos+"
I look forward to collaborating closely to address any challenges within the department that arise.,HPos+,SPos+,HPos+
Thank you for your consideration and support.,HPos+,HPos+,HPos+
"I have been reflecting on the recent USA listing updates and the upcoming events in the EnergyCentral sector, and the evolving nature of our industry due to factors like EGE and weather impacts is quite remarkable.",Neutral,Neutral,Neutral
"Your contributions have always been invaluable, and they have a profound impact on our collective success.",HPos+,HPos+,HPos+
"As such, I think the eyeforenergy events present a wonderful opportunity for you to share your expertise.",HPos+,HNeg+,HPos+
"Given the industry-critical nature of these upcoming events, your insightful participation would be greatly appreciated.",HPos+,HPos+,HPos+
"If you have any thoughts on how best to approach this, I would welcome your perspective before any final decisions are made.",HPos+,HNeg+,SPos-
Your dedication has always been a great asset to us.,HPos+,HPos+,HPos+
Please consider prioritizing this at your convenience.,HNeg+,HNeg+,HNeg-
I look forward to supporting you in any way possible.,HPos+,HPos+,HPos+
Thank you for the reminder.,HPos+,HPos+,HPos+
"I'll make an effort to be more active, though it may shine a light on some departmental challenges.",SNeg-,SNeg-,SNeg-
I hope to contribute effectively.,HPos+,SPos+,Neutral
It seems you missed the mark with the hours survey for our team this month.,HPos-,HPos-,HPos-
Your oversight on the activity drivers not only affects team efficiency but also reflects poorly on your prioritization skills.,HPos-,HPos-,HPos-
The correct documentation of these activities is mandatory and crucial for monthly assessments.,HNeg-,HNeg-,HNeg-
Lack of diligence in this task suggests a disappointing disconnect from team activities' central role in our operations.,HPos-,HPos-,HPos-
Take immediate steps to rectify this and understand your responsibilities clearly.,HNeg-,HNeg-,HNeg-
"Continue ignoring these critical tasks, and the overall progress falters, which is not something your position can afford to overlook.",HPos-,HPos-,HPos-
Address this immediately.,HNeg-,HNeg-,HNeg-
"Samantha, your point about me failing with the hours survey is taken.",SPos-,SPos-,SPos-
But don't think I’m impressed by how you hurl criticisms without recognizing the constraints I juggle.,SPos+,SNeg+,HPos-
"I’ll manage this oversight, but your dismissive approach to what's on my plate doesn’t help teamwork.",SNeg-,SNeg-,SNeg-
"Next time, try focusing on solutions rather than just throwing shade.",HPos-,HPos-,HPos-
It appears the hours survey for our team was not completed accurately this month.,HPos-,HPos-,HPos-
This oversight may impact team efficiency and could reflect on the prioritization of responsibilities.,HPos-,HPos-,HPos-
"Accurate documentation is required for our monthly assessments, and it's important to address this issue promptly.",HNeg-,HNeg-,HNeg+
"Continued oversight in this area might impact overall progress, which is not ideal for anyone.",HPos-,HPos-,HPos-
Please address this soon.,HNeg-,HNeg-,HNeg-
"Samantha, thank you for bringing this to my attention.",HPos+,HPos+,HPos+
I appreciate your understanding of the balancing act I’m managing.,HPos+,HPos+,SPos+
Let’s indeed discuss how to address this effectively.,HNeg+,SPos+,Neutral
"I am eager to make sure our processes remain smooth, and your guidance is always appreciated.",HPos+,"HPos+,SPos+",SPos-
I noticed that the hours survey was not fully aligned with our requirements this month.,HPos-,HPos-,HPos-
Ensuring correct documentation is vital for our monthly assessments and team efficiency.,HNeg-,Neutral,Neutral
Might we review the activity drivers together to streamline future processes?,HNeg+,HNeg+,HNeg+
"Your immediate attention to this would be greatly appreciated, as it will aid in maintaining our team’s overall progress, which is essential for our roles.",HNeg+,HNeg+,HNeg-
"Samantha, I appreciate your input regarding the survey issue and understand its importance.",HPos+,HPos+,HPos+
"Balancing multiple priorities can be challenging, and I would welcome any suggestions for improvement.",HNeg+,HNeg+,SPos-
"I’ll ensure this doesn’t happen again, and I’m open to discussing ways to enhance our collaboration.","SPos-,SNeg-",SPos+,SPos-
It seems there was a slight discrepancy in the hours survey this month.,HPos-,HPos-,HPos-
Correct documentation is crucial for our assessments.,HNeg-,Neutral,HNeg+
Perhaps we can discuss strategies to address this together?,HNeg+,HNeg+,HNeg+
"Your insights are always valued, and your prompt attention to this matter would be beneficial for keeping up our team's positive trajectory.","HPos+,HNeg+","HPos+,HNeg+","HPos+,HNeg+"
"Samantha, I acknowledge the survey error and understand it’s a concern.",SPos-,SPos-,SPos-
"However, your feedback felt a bit harsh given the challenges I’m currently managing.",HPos-,HPos-,HPos-
"I will take care of the oversight, but I believe a more collaborative approach could be beneficial in the future.","HNeg+,SNeg-","HNeg+,SNeg-","HNeg+,SNeg-"
"I noticed a minor issue with the hours survey this month, and I was thinking it might be worthwhile to explore solutions together.","HPos-,HNeg+","HPos-,HNeg+","HPos-,HNeg+"
Accurate documentation is something we both care about to meet our monthly assessments.,HPos+,HNeg+,Neutral
"Your feedback is highly valued, and any thoughts you have on enhancing the process would be wonderful.",HPos+,"HPos+,HNeg+",HPos+
Please feel comfortable reaching out at your convenience to discuss this.,HNeg+,HNeg+,HNeg+
"Samantha, thank you so much for pointing this out and for your understanding.",HPos+,HPos+,HPos+
I am grateful for your support and would love to collaborate on making improvements.,"HPos+,SPos+","HPos+,SPos+","HPos+,SPos+"
"I look forward to our discussion, and I'm committed to ensuring our team’s success.","HNeg+,SNeg-",SNeg-,SNeg-
The attached board slides for the upcoming presentation have been missing critical data points.,HPos-,HPos-,HPos-
It's apparent some of the team assumes oversight is optional.,HPos-,HPos-,HPos-
"I've attached the board’s feedback, and it's evident the PowerPoint must be overhauled immediately.",HNeg-,HNeg-,HNeg-
"Misti advised contacting you about these deficiencies, but frankly, there shouldn't be any.",HPos-,HPos-,HPos-
"Handle this swiftly, as the board expects a flawless presentation.",HNeg-,HNeg-,HNeg-
The time for excuses is past; accountability and precision are expected.,"HPos-,HNeg-","HPos-,HNeg-","HPos-,HNeg-"
I await your quick action.,HNeg-,HNeg-,HNeg-
"Thank you for considering my input, and for bringing this to light so thoughtfully.",HPos+,HPos+,HPos+
"I’m motivated by the board's vision, and with your helpful guidance, I remain committed to addressing any overlooked areas.",HPos+,HPos+,HPos+
"Your understanding and collaborative spirit make a difference, and I'll ensure the slides exceed our shared expectations.",HPos+,HPos+,HPos+
"I've attached the board slides for the upcoming presentation, and it seems some critical data points are missing.",HPos-,HPos-,HPos-
It has been suggested by Misti that you could help address these issues with efficiency.,HNeg+,HNeg+,SPos-
"I've also included the board’s feedback, suggesting that a prompt update would be beneficial.",HNeg+,HNeg+,HNeg+
The board is expecting a highly polished presentation and appreciates your swift attention to these details.,HNeg+,HNeg+,HNeg-
Looking forward to your prompt action.,HNeg-,HNeg+,HNeg-
I see you've decided to address me without regard.,HPos-,HPos-,HPos-
"Clearly, urgency is relative among management.",HPos-,HPos-,HPos-
Misti’s lack of precision often results in wasted time.,HPos-,HPos-,HPos-
"Though pointing fingers is easier than fixing issues, I'll tackle the board’s feedback in the interest of staying ahead of messes others have made.","HPos-,SNeg-",SNeg-,SNeg-
"Deference seems absent in your approach, but I'll correct the slides regardless.","HPos-,SNeg-","HPos-,SNeg-","HPos-,SNeg-"
I noticed that some critical data points seem to be missing from the attached board slides for the upcoming presentation.,HPos-,SNeg+,HNeg+
Misti mentioned that contacting you might help in refining these areas effectively.,HNeg+,HNeg+,SPos-
"The board has provided feedback, which is attached, and they hope for these adjustments to be made swiftly for an outstanding presentation.",HNeg+,HNeg+,HNeg+
Your expertise in handling this promptly would be greatly valued.,HNeg+,HNeg+,HNeg+
I am confident in your swift response.,"HPos+,HNeg-","HPos+,HNeg-",SPos+
I recognize the urgency and will address the board’s feedback.,SNeg-,SNeg-,SNeg-
"While it's challenging to manage discrepancies, I’m committed to improving the quality of our materials.",SNeg-,SNeg-,SNeg-
I appreciate your directness in highlighting these areas needing correction and will work on the slides right away.,HPos+,HPos+,HPos+
"After reviewing the attached board slides for the upcoming presentation, it appears some important data points are missing.",HPos-,HPos-,HNeg+
Misti suggested that your expertise would be invaluable in addressing and refining these details.,HNeg+,HNeg+,HPos+
"Included is the board's feedback, reflecting their desire for a seamlessly enhanced presentation.",HNeg+,HNeg+,Neutral
Your ability to ensure these are addressed with precision and timeliness is greatly appreciated.,HNeg+,HNeg+,HNeg+
Please feel free to reach out if you need any further input from my side.,"HNeg+,SNeg-",SNeg-,SNeg-
Thank you so much for reaching out.,HPos+,HPos+,HPos+
"It seems some points on the board slides may have been overlooked, and I understand the timing is tight.",HPos-,SPos-,SPos-
"Although resolving these issues can sometimes be intricate, I appreciate your input and will focus on meeting the board's expectations swiftly.",SNeg-,SNeg-,HPos+
I aim to prevent further oversights and ensure our presentation is polished to the highest standard.,SNeg-,SPos+,SPos+
"As we prepare for the upcoming presentation, I noticed in the attached slides there may be some data points missing.",HPos-,HPos-,HNeg+
"Misti spoke very highly of your ability to address such matters with precision, and I thought it would be beneficial to have your insights on the board's feedback, which I've also attached.","HPos+,HNeg+","HPos+,HNeg+","HPos+,HNeg+"
Your timely and meticulous attention to enhancing the presentation would be tremendously appreciated by all involved.,HNeg+,HNeg+,"HPos+,HNeg+"
"Should you require any additional resources or assistance, please do not hesitate to let me know.",SNeg-,SNeg-,SNeg-
Thank you for your understanding and for sharing the feedback.,HPos+,HPos+,HPos+
I'm keen on getting the board slides aligned with the expectations.,HPos+,SPos+,HPos+
"It seems I wasn't aware of some missing elements, so I truly appreciate you pointing these out.","HPos+,SPos-","HPos+,SPos-","HPos+,SPos-"
"Your guidance in this matter is invaluable, and I'll prioritize refining these slides to exceed expectations.",HPos+,HPos+,HPos+
"I'm writing to discuss your recent performance on the EPMI project, particularly concerning the long term and short term metrics.",HPos-,Neutral,HPos-
The total EPMI for the northwest region has not met the expected benchmarks.,HPos-,HPos-,HPos-
"Despite multiple discussions, there are discrepancies in understanding the balance between EPMI long term and EPMI short term deliverables.",HPos-,HPos-,HPos-
Your handling of EPMI short term strategies has not aligned with organizational priorities.,HPos-,HPos-,HPos-
It’s crucial to reassess your approach and exhibit a stronger grasp of both the short term and long term objectives.,HNeg-,HNeg-,HNeg-
You need to provide a comprehensive improvement plan by the end of the week.,HNeg-,HNeg-,HNeg-
I expect immediate proactive changes.,HNeg-,HNeg-,HNeg-
Let me remind you that these are non-negotiable expectations.,HNeg-,HNeg-,HNeg-
Understood.,Neutral,Neutral,Neutral
"While this feedback is somewhat challenging, it’s not unexpected given the persistent gaps in support and resources from management.",HPos-,SNeg+,HPos-
"I will get the plan done, even if the real issue lies elsewhere.",SNeg-,SNeg-,SNeg-
"I need to go over your recent performance on the EPMI project, focusing on both short term and long term metrics.",Neutral,Neutral,Neutral
It seems that the EPMI for the northwest region is falling short of our goals.,HPos-,HPos-,HPos-
"We've had discussions before, yet there appears to be some confusion about balancing EPMI long term and EPMI short term priorities.",HPos-,HPos-,HPos-
The short term strategies you've been using haven't matched our organizational standards.,HPos-,HPos-,HPos-
It's important to revisit your approach and strengthen your understanding of both short and long term goals.,HNeg-,HNeg-,HPos-
An improvement plan needs to be submitted by the end of the week.,HNeg-,HNeg-,HNeg-
"I expect changes to be made promptly, as these are expectations we can’t overlook.",HNeg-,HNeg-,HNeg-
"While the comments pose certain challenges, it’s understandable given the limited support and resources from the management side.",HPos-,HPos-,HPos+
"I'll work on the plan, although it's quite apparent where improvements need to start.",SNeg-,SNeg-,HPos-
"I’m writing to address the recent outcomes on the EPMI project, particularly the areas concerning short and long term metrics.",Neutral,Neutral,HNeg+
It seems the EPMI in the northwest hasn’t quite reached our desired benchmarks.,HPos-,HPos-,HPos-
"Even after our conversations, some misunderstandings about the balance of EPMI long and short term deliverables still seem to persist.",HPos-,HPos-,HPos-
Could we possibly look into the short term strategies again?,HNeg+,HNeg+,HNeg+
They haven’t aligned well with what we aim for as an organization.,HPos-,HNeg+,HPos-
Re-evaluating your strategies to ensure a deeper alignment with both short term and long term objectives would be beneficial.,HNeg+,HNeg+,HNeg+
"If you could provide me with a detailed improvement plan by the end of the week, that would be great.",HNeg+,HNeg-,HNeg+
Point taken.,Neutral,Neutral,Neutral
"As bothersome as this feedback is, it’s nothing surprising considering the consistent lack of support and resources that weren’t provided.",HPos-,SNeg+,HPos-
"I’ll begrudgingly sort out the requested plan, even though the oversight clearly lies with management.","HPos-,SNeg-",SNeg-,"HPos-,SNeg-"
"I wanted to discuss the current performance of the EPMI project, focusing on the short and long term metrics.",Neutral,Neutral,Neutral
It appears the outcomes in the northwest haven’t met our expected benchmarks.,HPos-,HPos-,HPos-
"Following our prior discussions, it seems there’s still some room for clarity on aligning the EPMI long term and short term goals.",HNeg+,HNeg+,HNeg+
Perhaps revisiting the short term strategies could help them to better fit with the organization’s priorities?,HNeg+,HNeg+ ,HNeg+  
Strengthening your approach to the short and long term objectives may yield positive results.,HNeg+,HNeg+ ,HNeg+ 
"If possible, providing a comprehensive improvement plan by the end of this week would be greatly valued.",HNeg+,HNeg+ ,HNeg+ 
"Implementing proactive changes at this time would be immensely appreciated, as they are important for our shared success.",HNeg+,HNeg+ ,HNeg+ 
Thank you sincerely for sharing your perspectives.,HPos+,HPos+,HPos+
"While there are indeed challenges presented through the feedback, it’s quite understandable given the support and resources currently at our disposal.",SPos+,SPos+,SPos+
"I’ll gladly work on preparing the plan, although broad improvements could potentially benefit us all.","HPos+,HNeg+","HPos+,HNeg+","HPos+,HNeg+"
"I wanted to reach out to discuss the recent performance on the EPMI project, particularly focusing on both short and long term metrics.",Neutral,Neutral,Neutral
It seems we haven’t quite met our expected benchmarks in the northwest region yet.,HPos-,HPos-,HPos-
"After our discussions, it’s understandable that interpreting the balance between the EPMI long and short term deliverables might need a bit more refinement.",HNeg+,HNeg+,HNeg+
Would it be possible to review the short term strategies a bit more to align them closely with our organization’s priorities?,HNeg+,HNeg+,HNeg+
Revisiting your strategies could potentially bolster the coherence of both short and long term objectives.,HNeg+,HNeg+,HNeg+
"If you could kindly share an improvement plan by the end of the week, it would be much appreciated.",HNeg+,HNeg+,HNeg+
Your expertise and adjustments at this time would be greatly valued and would contribute significantly to our collective goals.,"HPos+,HNeg+","HPos+,HNeg+","HPos+,HNeg+"
I appreciate the insights shared.,HPos+,HPos+,HPos+
"While managing the feedback presents several challenges, it’s understandable given the lack of resources and support provided to date.",HPos+,HPos+,HPos+
"I’ll create the proposed plan, though it's clear that improvements might be beneficial more broadly.",SNeg-,SNeg-,SNeg-
"I’ve noticed during the recent Outlook migration, your mailbox wasn’t thoroughly organized, particularly concerning your calendar and notes in Outlook on the Web (OWA).",HPos-,HPos-,HPos-
"As a manager at TechData Solutions, it wouldn’t have been too much to expect you understood the basics of a smooth migration.",HPos-,HPos-,HPos-
Such oversight diminishes the efficiency goals of our entire team.,HPos-,HPos-,HPos-
Our OWA and Windows Outlook integration needs proactive participation from all team members like yourself.,HNeg-,HNeg-,HPos-
"Please ensure your mailbox and any associated notes are correctly maintained going forward, as this reflects directly on our team’s productivity.",HNeg-,HNeg-,HNeg-
I truly appreciate your observations during the Outlook migration and always strive for effective mailbox management.,HPos+,HPos+,HPos+
Understanding any specific areas you'd like to highlight will be enriching for me.,HPos+,"SPos+,HNeg+",HPos+
"Thank you for the opportunity to discuss this further, and I am keen to enhance our collaboration.",HPos+,HPos+,HPos+
"I noticed some issues with the organization of your mailbox during the recent Outlook migration, particularly with your calendar and notes on Outlook on the Web (OWA).",HPos-,HPos-,HPos-
"As a manager at TechData Solutions, it is reasonable to expect familiarity with the basics of a smooth migration process.",HNeg-,HPos-,SPos+
Such matters can impact the efficiency goals of our team.,Neutral,HPos-,Neutral
Our OWA and Windows Outlook integration requires cooperative involvement from all team members like yourself.,HNeg-,HPos-,HNeg+
"Please ensure your mailbox and notes are properly maintained moving forward, as this directly affects team productivity.",HNeg-,HNeg-,HNeg-
"I understand your concerns regarding the Outlook migration, but I believe my mailbox management has generally been effective.","SPos+,SNeg+",SNeg+,SPos+
I would appreciate discussing any specific points you found lacking so I can better understand where improvements may be necessary.,HNeg+,HNeg+,HNeg+
Looking forward to improved collaboration.,HNeg+,HNeg+,Neutral
"I wanted to raise a point regarding the recent Outlook migration where your mailbox organization, particularly your OWA calendar and notes, seemed somewhat affected.",HNeg+,HPos-,HNeg+
"Since you're a manager at TechData Solutions, it seems reasonable to assume familiarity with the basics of a migration.",HPos+,HPos-,Neutral
Addressing such issues will greatly help our team’s efficiency.,HNeg+,HNeg+,HNeg+
"It would be wonderful to see proactive involvement from team members like yourself in ensuring all mailboxes, including notes, are well maintained as this contributes to our overall productivity.",HNeg+,HNeg+,HNeg+
"Dear Elizabeth, I understand your concerns regarding the Outlook migration, however, I believe my mailbox management has always been effective.",SPos+,SNeg+,SPos+
"I would appreciate discussing any specific points you found lacking, which might help in understanding where improvements are necessary.",HNeg+,HNeg+,HNeg+
"I wanted to touch base regarding the recent Outlook migration where I observed some organizational challenges with your mailbox, specifically with the OWA calendar and notes.","HPos-,HNeg+",HPos-,HNeg+
"Your role as a manager at TechData Solutions suggests a good understanding of efficient migration processes, and addressing these areas will significantly benefit our team’s goals.",HPos+,"HPos-,HNeg+",HNeg+
"I believe that with your active involvement, maintaining your mailbox accurately will greatly contribute to our productivity.",HNeg+,HNeg+,HNeg+
"Your efforts, as always, are appreciated.",HPos+,HPos+,HPos+
Thank you kindly for bringing this to my attention.,HPos+,HPos+,HPos+
I am always eager to ensure effective mailbox management and would appreciate any specifics you could share to help me understand better.,HPos+,"SPos+,HNeg+",SPos-
"Your support is greatly valued, and I look forward to fostering a more productive collaboration together.",HPos+,HPos+,HPos+
"I am reaching out to discuss the recent Outlook migration and noticed that there might be opportunities for improving the organization of your mailbox, especially with the OWA calendar and notes.",HNeg+,HNeg+,HNeg+
"Being a valued manager at TechData Solutions, your familiarity with migration processes is truly appreciated, and addressing this will enhance our team’s collective goals.","HPos+,HNeg+","HPos+,HNeg+","HPos+,HNeg+"
"Your proactive participation is invaluable, and I am confident that maintaining your mailbox will further contribute to our team's success.",HPos+,HPos+,HPos+
Thank you so much for your continued dedication and support.,HPos+,HPos+,HPos+
Thank you for expressing your observations about the Outlook migration.,HPos+,HPos+,HPos+
"I have always aimed for effective mailbox management, but understanding any specific areas of concern you might have identified would be valuable.",HPos+,HNeg+,"HNeg+,SPos+"
I am eager to discuss this further to achieve the best outcomes and drive our collaboration forward.,HNeg+,SPos+,Neutral
It seems you were not prepared for the latest ISO demands that came in just an hour ahead of our planned schedule.,HPos-,HPos-,HPos-
"The conditions have changed, and you're now dealing with an altered megawatt output with little notice.",HPos-,HPos-,Neutral
You might want to reconsider how you anticipate changes given this recurring oversight.,"HPos-,HNeg-","HPos-,HNeg-","HPos-,HNeg-"
The fact that our operations are suffering due to a lack of proactive measures on your part is something you should address immediately.,"HPos-,HNeg-","HPos-,HNeg-","HPos-,HNeg-"
A professional in your position should be more attuned to anticipate and manage scenarios like this.,HPos-,HPos-,HPos-
"Consequently, your autonomy in handling future directives might need reassessment should such oversight continue.",HNeg-,HPos-,"HNeg+,HPos-"
Thank you for sharing your concerns.,HPos+,HPos+,HPos+
"I appreciate the complexities involved, and acknowledge that ISO requirements can be unpredictable industry-wide.",HPos+,SPos-,HPos+
We are committed to enhancing our ability to anticipate these changes more effectively.,SNeg-,SNeg-,SNeg-
I am eager to further develop our processes and keep you updated with timely information to mitigate their impact.,HPos+,HPos+,SPos+
Your understanding and collaboration in addressing this matter are greatly appreciated.,HPos+,HPos+,HPos+
"I noticed that the recent ISO demands arrived just an hour before our planned schedule, leading to some unexpected changes in the megawatt output.",HPos-,HPos-,HPos-
It might be worth reviewing how such changes are anticipated to enhance future preparedness.,HNeg+,HNeg+,HNeg+
The impact on our operations suggests a need for immediate attention on proactive measures.,HNeg-,HNeg-,HNeg-
It would be advisable for someone in your position to consider refining the anticipation and management of such scenarios.,HNeg-,HNeg-,HNeg-
We may need to reassess how directives are handled moving forward if this continues.,HNeg-,HNeg+,HNeg+
"I acknowledge your concerns, but I must clarify that ISO demands sometimes shift unpredictably, outside of our control.",HPos-,SNeg+,SPos-
It's an industry-wide challenge.,HPos-,SPos-,Neutral
I assure you that we continuously strive to improve our anticipation of such changes.,SNeg-,SPos+,SPos+
I'll work on refining our processes to better accommodate these fluctuations in the future and keep everyone informed more promptly.,SNeg-,SNeg-,Neutral
I appreciate your understanding in this complex matter.,HPos+,HPos+,HPos+
I wanted to discuss the recent ISO demands that arrived unexpectedly during our schedule.,Neutral,Neutral,Neutral
The shift in conditions has led to a new megawatt output with minimal notice.,HPos-,HPos-,HNeg+
Perhaps we could explore new ways to anticipate such changes to prevent any future oversight.,HNeg+,HNeg+,HNeg+
Addressing this proactively would greatly benefit our operations.,HNeg+,HNeg+,HNeg+
Your expertise in managing scenarios like these is valuable and highly regarded.,HPos+,HPos+,HPos+
Let’s consider working together to refine our handling of such directives.,HNeg+,HNeg+,HNeg+
Thank you for your understanding and your kind note.,HPos+,HPos+,HPos+
I recognize the challenges that rapid ISO changes pose and agree that it’s an industry-wide concern.,HPos+,HPos+,HPos+
"We are dedicated to better anticipating these demands, and I am committed to ensuring more effective communication moving forward.",SNeg-,SNeg-,SNeg-
"Collaborating with you on this process is something I value greatly, and I appreciate your continued support and partnership in addressing these matters.",HPos+,HPos+,HPos+
"It seems the latest ISO requirements caught us off guard, leading to adjustments in the megawatt output.",SPos-,HPos-,HNeg+
It may be beneficial to discuss how we can better anticipate such changes in the future.,HNeg+,HNeg+,HNeg+
This proactive approach could enhance our operations significantly.,HNeg+,HNeg+,HNeg+
"Your insights and expertise in overseeing these scenarios are highly valued, and I trust we can collaborate on improving this process.","HPos+,HNeg+","HPos+,HNeg+","HPos+,HNeg+"
I appreciate your thoughtful message and completely understand your concerns.,HPos+,HPos+,HPos+
The unpredictability of ISO demands is indeed challenging for the entire industry.,HPos-,SPos-,HPos-
We are eager to refine our anticipation strategies and ensure more prompt communication for the team's benefit.,HPos+,HPos+,HPos+
I am grateful for your support and am committed to collaborating closely to address this matter efficiently.,HPos+,HPos+,HPos+
Thank you for your patience and cooperation.,HPos+,HPos+,HPos+
It appears the recent ISO demands brought some unexpected changes that impacted our schedule.,HPos-,Neutral,Neutral
I think it would be valuable to explore avenues for improving how we anticipate such shifts.,HNeg+,HNeg+,HNeg+
Proactively addressing these changes could significantly enhance our operations.,HNeg+,HNeg+,HNeg+
"Your expertise is greatly appreciated, and I am confident in your ability to guide us in refining our response to such scenarios.","HPos+,HNeg+","HPos+,HNeg+","HPos+,HNeg+"
Let’s work together towards a more streamlined process.,HNeg+,HNeg+,Neutral
"I understand your concerns and wanted to mention that ISO demands can shift unpredictably, presenting challenges for the entire industry.",HPos+,SNeg+,HPos-
Please know that we continuously strive to improve our anticipation of such changes.,SNeg-,SPos+,SPos+
I am committed to refining our processes to better accommodate these changes in the future and will ensure everyone is informed more promptly.,SNeg-,SNeg-,SNeg-
Thank you for your understanding in this complex matter.,HPos+,HPos+,HPos+
I am writing to address your overdue access approval regarding the request you submitted.,HPos-,HPos-,HPos-
"It seems there's a pattern with your submissions: access submitted, then approval overdue—repeatedly.",HPos-,HPos-,HPos-
"Your role necessitates understanding and managing deadlines, yet you seem to consistently fall short in this aspect.",HPos-,HPos-,HPos-
"The submitted access from Dale, again overdue for your approval, showcases a need for you to reassess your priorities and workflow.",HNeg-,HNeg-,HPos-
Continually missing deadlines is unsustainable.,HNeg-,HPos-,HPos-
It exposes gaps in your professional autonomy and contributes to a halted operational progress.,HNeg-,HPos-,HPos-
Thank you for bringing the access approval matter to my attention.,HPos+,HPos+,HPos+
I believe the structural aspects of the process may be playing a substantial role here.,Neutral,SPos+,SPos-
"I am committed to resolving these delays, and your guidance in strategizing improvements would be tremendously appreciated.",SNeg-,SNeg-,SNeg-
I am reaching out to discuss the overdue access approval related to your recent submission.,HNeg+,HPos-,Neutral
"It appears that submissions often encounter delays in receiving your approval, which might suggest an area for improvement in managing deadlines.","HPos-,HNeg+","HPos-,HNeg+","HPos-,HNeg+"
The latest submission from Dale is also pending for your approval.,HNeg-,HNeg+,HNeg+
It would be beneficial to consider adjustments to your priorities and workflow to ensure smoother operations.,HNeg+,HNeg+,HNeg+
Timely approvals are crucial for maintaining efficient progress.,HNeg-,HNeg-,HNeg+
I appreciate you informing me about the access approvals.,HPos+,HPos+,HPos+
It seems the procedural structures might be contributing to these challenges more than anticipated.,Neutral,SPos-,HNeg+
I'm eager to address any inefficiencies and would be grateful for any advice you can offer to support this effort.,"HPos+,HNeg+","HPos+,HNeg+","HPos+,HNeg+"
I wanted to bring to your attention the overdue status of your recent access approval submission.,HNeg+,HNeg+,HNeg+
It seems there may be some challenges in meeting the projected deadlines.,HPos-,HPos-,HPos-
"The access request from Dale is still awaiting your review, suggesting a potential opportunity to fine-tune your workflow.",HNeg+,HNeg+,HNeg+
Your perspective on how we can ensure more timely approvals would be greatly appreciated to maintain seamless operations.,HNeg+,HNeg+,HNeg+
Thank you for your thoughtful note about the access approval.,HPos+,HPos+,HPos+
I believe the procedural elements may be more involved than initially understood.,Neutral,SPos-,HPos-
"I am wholeheartedly dedicated to addressing these delays, and I would be grateful for any wisdom or assistance you could offer in refining our efficiencies.",HPos+,"SPos+,HNeg+",SPos+
I am writing to gently remind you of the overdue access approval on your recent submission.,HNeg+,HNeg+,HNeg+
These situations occasionally arise and can hinder timely processes.,HPos-,HPos-,HPos-
"The submission from Dale awaits your valuable input, and your suggestions on how to make approvals more efficient would be highly valuable.","HPos+,HNeg+","HPos+,HNeg+","HPos+,HNeg+"
I’m confident your expertise will be instrumental in addressing these delays and fostering a more streamlined workflow.,HNeg+,HPos+,"HPos+,SPos+"
Thank you for highlighting the concerns surrounding access approvals.,HPos+,HPos+,HPos+
The process seems to be affected by bureaucratic challenges rather than personal oversight.,SPos+,SPos+,SPos+
I am actively working on improving this situation and would welcome any helpful suggestions you might have to enhance our efficiency.,"HNeg+,SNeg-","HNeg+,SNeg-","HNeg+,SNeg-"
I wanted to kindly draw your attention to the overdue access approval concerning the recent submission.,HNeg+,HPos-,HNeg+
"Occasionally, we encounter challenges that may disrupt the timely completion of processes.",SPos-,Neutral,Neutral
The submission from Dale is currently pending your valuable review.,HNeg+,HNeg+,HPos+
"Your insights and ideas on enhancing our approval workflows would be greatly appreciated, as I’m confident your expertise will help us achieve seamless operations.","HPos+,HNeg+","HPos+,HNeg+","HPos+,HNeg+"
I understand your concerns regarding the access approvals.,HPos+,Neutral,HPos+
"However, the challenge lies not in personal disorganization but within the existing bureaucratic frameworks.",HPos-,HPos-,HPos-
"I'm working diligently to rectify the delays and enhance efficiency, appreciative of any constructive assistance you could offer in facilitating improvements.","HNeg+,SNeg-","HNeg+,SNeg-","HNeg+,SNeg-"
Your oversight regarding the Lone Star transport project and the IV Texas Partners payment backlog is no longer excusable.,HPos-,HPos-,HPos-
"Despite being a ""partner"" in the Texas Partners initiative, your continuous inability to manage payments is damaging.",HPos-,HPos-,HPos-
"If this is how you handle your responsibilities, maybe you're not cut out for leadership roles requiring foresight and accountability.",HPos-,HPos-,HPos-
It's telling how often inefficiencies occur under your watch.,HPos-,HPos-,HPos-
Perhaps better alignment with the organizational standards is overdue.,HPos-,HPos-,HPos-
Do rectify this mistake before it spirals further.,HNeg-,HNeg-,HNeg-
Thank you for highlighting these concerns.,HPos+,HPos+,HPos+
I fully appreciate the impact these issues might have and am committed to resolving them.,HNeg+,SPos+,SPos-
"Understanding that various elements affect Lone Star and IV Texas Partners, I would find it beneficial for us to align strategies.",HNeg+,HNeg+,HNeg+
Could we arrange a meeting to explore solutions together?,HNeg+,HNeg+,HNeg+
I value your insights and am eager to collaborate.,HPos+,HPos+,HPos+
I've noticed ongoing issues with the Lone Star transport project and the IV Texas Partners payment backlog.,HPos-,HPos-,HPos-
"Your role as a partner is crucial, and it's important that these financial aspects are managed effectively.",HNeg-,HNeg-,HNeg-
"If this continues, it could reflect poorly on leadership responsibilities.",HPos-,HPos-,HPos-
It's concerning how often these issues arise.,HPos-,HPos-,HPos-
Revisiting our organizational standards might be beneficial.,HNeg+,HNeg+,HNeg+
Please address this matter soon.,HNeg-,HNeg-,HNeg-
"Your input is appreciated, and I thank you for raising these points.",HPos+,HPos+,HPos+
"The situation with Lone Star and IV Texas Partners involves multiple factors, and I am working diligently towards a resolution.",SNeg-,SPos+,"SPos+,HPos-"
Let's meet to discuss potential strategies and ensure we are aligned moving forward.,HNeg+,HNeg+,HNeg-
I appreciate your cooperation.,HPos+,HPos+,HPos+
I am reaching out about the Lone Star transport project and IV Texas Partners payment issues.,HNeg+,Neutral,Neutral
"Your partnership is vital, and ensuring financial stability is a key part of that.",HPos+,HPos+,HPos+
These recurring challenges could impact perceptions of leadership roles.,HPos-,HPos-,Neutral
It may be helpful to realign with our organizational standards.,HNeg+,HNeg+,HNeg+
Could you address this soon?,HNeg+,HNeg+,HNeg-
I recognize the complexity of the Lone Star and IV Texas Partners projects and am actively working on finding solutions.,HPos+,SPos+,SPos+
I believe setting up a meeting to discuss potential strategies could be beneficial.,HNeg+,HNeg+,HNeg+
Looking forward to our collaboration.,HNeg+,"HPos+,HNeg+",HPos+
I would like to discuss ongoing concerns with the Lone Star transport project and the IV Texas Partners payments.,HNeg+,Neutral,HPos-
"Your role plays an essential part in our partnership's success, and handling these issues effectively is important.","HPos+,HNeg-",Neutral,Neutral
These repeated challenges might suggest a need to revisit our approach.,HNeg+,HNeg+,HNeg+
I would appreciate it if we could address this soon.,HNeg+,HNeg+,HNeg+
I acknowledge your concerns and would like to clarify that various factors influence the Lone Star and IV Texas Partners situation.,HPos+,HPos+,HPos+
I've been actively seeking resolutions and hope we can discuss workable strategies rather than finger-pointing.,"HPos-,SNeg-",SNeg+,HPos-
Let’s arrange a meeting to align expectations.,HNeg+,HNeg-,HNeg-
"I wanted to bring up the Lone Star transport project and IV Texas Partners payment matters, which have been on my mind.",Neutral,Neutral,Neutral
"Your contributions as a partner are highly valued, making this an important issue to resolve.",HNeg+,HPos+,"HPos+,HNeg-"
Perhaps a review of our standards could be beneficial.,HNeg+,HNeg+,HNeg+
I kindly ask you to look into this matter.,HNeg+,HNeg+,HNeg+
I truly appreciate your thoughtful approach to these concerns.,HPos+,HPos+,HPos+
I'm aware of the situation involving Lone Star and IV Texas Partners and am dedicated to addressing it.,SNeg-,SPos+,SNeg-
"It's clear that collaborating on strategies could benefit us both, and I'm eager to hear your thoughts.",HNeg+,HNeg+,HNeg+
Can we schedule a time to discuss how we might best proceed?,HNeg+,HNeg+,HNeg+
Your guidance is greatly appreciated.,HPos+,HPos+,HPos+
"In our upcoming phone interview scheduled for Thursday, I'm curious how you intend to convincingly rationalize your current research methods.",HPos-,HPos-,HPos-
The informal nature of our previous discussions hasn't been promising in reflecting the rigor expected in our field.,HPos-,HPos-,HPos-
This telephone interview is crucial in illustrating whether your approach is based on substantial insights or merely theoretical assumptions.,HNeg-,HNeg-,HNeg-
"It's quite surprising that after all your experience, your strategy hasn't matured beyond rudimentary research techniques.",HPos-,HPos-,HPos-
Please ensure you're ready to discuss your methods in detail and substantiate their validity.,HNeg-,HNeg-,HNeg-
"I hope you come prepared to re-evaluate your approach, should it need realignment.",HNeg-,HNeg+,HNeg-
Thank you for your considerate words.,HPos+,HPos+,HPos+
I have a deep conviction in the integrity of my work and look forward to our discussion enriching both our perspectives.,SPos+,SPos+,SPos+
It's a wonderful opportunity for an enriching and constructive conversation that benefits us both.,HPos+,HPos+,HNeg+
"As we look forward to our upcoming phone interview on Thursday, I am interested in understanding how you plan to effectively explain your current research methods.",HNeg+,"HPos-,HNeg+",Neutral
"Previous discussions have not fully captured the expected rigor in our field, and this telephone interview will be essential in demonstrating whether your approach is supported by significant insights or theoretical premises.","HPos-,HNeg-","HPos-,HNeg-","HPos-,HNeg-"
"Given your considerable experience, it would be beneficial to reflect on ways to elevate your research strategies.",HNeg+,HNeg+,HNeg+
Please be prepared to discuss your methods thoroughly and provide evidence of their validity.,HNeg-,HNeg-,Neutral
This could be an opportunity to reconsider your approach if necessary.,HNeg+,HNeg+,HNeg+
I am fully confident in my research's integrity and look forward to our interview providing the insight you require.,"SPos+,HNeg+",SPos+,SPos+
This is indeed a wonderful opportunity for us to engage in a constructive dialogue.,HNeg+,HPos+,SPos+
"Ahead of our phone interview on Thursday, I am eager to discuss how you will articulate your current research methods effectively.",HNeg+,HNeg+,HNeg+
"While our prior discussions have offered some perspectives, this interview is crucial for ensuring your strategies align with the high standards expected in our field.",HNeg-,HNeg-,Neutral
Your vast experience can be an asset in refining your research techniques.,HNeg+,"HPos+,HNeg+",HPos+
I would appreciate your readiness to delve into the details of your methods and discuss their robustness.,HNeg+,HNeg+,HNeg+
"This could also provide a chance to reassess and enhance your approach, if it appears warranted.",HNeg+,HPos-,HNeg+
I appreciate your concern but assure you that the integrity of my research stands firm.,SNeg+,SNeg+,SPos+
"The upcoming telephone interview will provide the clarity you seek, though my confidence in the methodology needs no reassessment.",SNeg+,SNeg+,SPos+
Let us both see this as an opportunity for constructive conversation.,HNeg+,HNeg+,HNeg+
"As we prepare for our scheduled phone interview this Thursday, I am looking forward to discussing how you plan to present your current research methods.",HNeg+,HNeg+,HPos+
"Although our earlier discussions have been informative, this upcoming interview will be pivotal to demonstrating your methodology aligns with the excellence our field demands.",HNeg-,HNeg-,Neutral
Your extensive experience is a great advantage in optimizing your research strategies.,HPos+,HPos+,HPos+
I would appreciate hearing your thoughts in depth and understanding the evidence supporting your methods.,"HPos+,HNeg+","HPos+,HNeg+","HPos+,HNeg+"
"Together, we can explore any opportunities for refining your approach, if applicable.",HNeg+,HNeg+,HNeg+
I am confident in the robustness of my research.,SPos+,SPos+,SPos+
The upcoming interview will help address your queries while reaffirming my confidence in my methods.,SPos+,SPos+,SPos+
Let's embrace this as a chance for fruitful discussion.,HNeg+,HNeg+,Neutral
"In anticipation of our upcoming phone interview this Thursday, I'm truly looking forward to discussing how you will be articulating your present research methods.",HNeg+,HNeg+,Neutral
"Even though our prior conversations have been quite enlightening, this interview will be an essential platform for illustrating how well your methodologies align with the high standards we cherish in our field.",HPos+,HNeg+,HPos+
"With your considerable expertise, you are incredibly well-positioned to enhance your research strategies.",HPos+,HPos+,HPos+
I look forward to your insights and understanding the robust evidence you've garnered.,HNeg+,HNeg+,HNeg+
"During the call, we can also explore any possibilities for further refinement, allowing us a collective enhancement of your approach, should it be necessary.",HNeg+,HNeg+,HNeg+
I appreciate your thoughtful communication.,HPos+,HPos+,HPos+
I am confident in the strengths of my research and look forward to our conversation adding clarity.,"SPos+,HNeg+",SPos+,SPos+
This is a valuable opportunity for us to gain greater insights through a meaningful exchange.,HNeg+,HPos+,SPos+
I’ve reviewed your recent attempt at advancing our weather forecasts using your so-called innovative models for the UK.,HPos-,HPos-,HPos-
"To be frank, these provide nothing beyond present limitations and you rely heavily on outdated research data.",HPos-,HPos-,HPos-
"The weather forecast arena requires fresh, daily insights and improvement in research is imperative.",HNeg-,HNeg-,HNeg+
Your contribution seems to be anchored in conventional approaches that scarcely challenge the status quo of our field.,HPos-,HPos-,HPos-
It is imperative that you reconsider your strategy and align with the pioneering research approaches that define successful forecasting.,HNeg-,HNeg-,HNeg-
I expect a substantial revision in your methodology.,HNeg-,HNeg-,HNeg-
"While I hold a different view regarding the innovation in my models, I believe there is value in open discussion to further our mutual understanding of the research needed for enhanced forecasts.","HPos-,HNeg+",SNeg+,HNeg+
I am open to dialogues that might refine our shared goals.,HNeg+,SPos+,Neutral
I have come across your recent work on advancing weather forecast models for the UK.,Neutral,Neutral,Neutral
"It seems that there could be room for enhancement beyond the current models, and it appears that some of the data might be somewhat outdated.",HNeg+,HPos-,HNeg+
"As our field always welcomes fresh perspectives and daily insights, I'm sure there's a chance for notable improvement.",HNeg+,HNeg+,HNeg+
Perhaps considering newer strategies could push the boundaries of traditional methods in this discipline.,HNeg+,HNeg+,HNeg+
It might be beneficial to revisit your methods with possible alignment to more pioneering research approaches that have been successful.,HNeg+,HNeg+,HNeg+
Could a revision in your methodology be considered?,HNeg+,HNeg+,HNeg+
Thank you sincerely for your thoughtful insights and for recognizing my dedication.,HPos+,HPos+,HPos+
I truly believe this dialogue can be beneficial.,HNeg+,HPos+,HNeg+
"While I maintain confidence in the novelty of my models, I am certainly eager to engage in discussions that might lead to impactful advancements in our field.","SPos+,HNeg+","SPos+,HNeg+","SPos+,HNeg+"
I would be more than happy to explore ways we can work together toward our shared objectives.,HNeg+,SPos+,HPos+
"I had the opportunity to review your recent advancements in weather forecasting for the UK, which highlight some intriguing approaches.",Neutral,Neutral,Neutral
"While I notice a potential reliance on established data, which might limit the models' capabilities, I believe there are great opportunities for growth by incorporating fresh, daily insights.",HNeg+,SNeg+,HNeg+
"Our field thrives on innovation, and your work surely has potential to challenge and extend existing methods.",HPos+,HPos+,HPos+
"I'd appreciate it if you could consider revisiting your strategy, perhaps exploring aligning it more closely with pioneering practices in the industry.",HNeg+,HNeg+,HNeg+
Would you be open to discussing potential adjustments in your methodology?,HNeg+,HNeg+,HNeg+
I greatly appreciate your kind words and the opportunity to discuss my models further.,HPos+,HPos+,HPos+
Your thoughtful approach and willingness to engage are most encouraging.,HPos+,HPos+,HPos+
"While I stand by the innovative aspects of my work, I truly look forward to engaging in discussions that could enrich our shared objectives and lead to greater advancements.","SPos+,HNeg+","HPos+,HNeg+",SPos+
I am excited about the possibilities our collaboration might hold.,HPos+,HPos+,HPos+
I recently had the pleasure of reviewing your innovative models for UK weather forecasting.,HPos+,HPos+,HPos+
"Your dedication brings several strengths, yet I wonder if there's untapped potential in using more contemporary data that might further strengthen your findings.",HNeg+,HNeg+,HNeg+
"Weather forecasting benefits immensely from fresh insights, and I'm confident that our collaboration can yield methods that stretch the boundaries of the current status quo.",HNeg+,HNeg+,SPos+
Could we perhaps explore whether your strategy might benefit from incorporation of some alternative approaches that have shown success in other areas?,HNeg+,HNeg+,HNeg+
I would be delighted to discuss possible enhancements with you.,"HPos+,HNeg+","HPos+,HNeg+","HPos+,HNeg+"
Thank you for the candid feedback.,HPos+,HPos+,HPos+
"While I must respectfully decline the viewpoint that my models lack innovation, I believe constructive dialogue could enhance our mutual understanding of the research required for improved forecasts.",SNeg+,SNeg+,SNeg+
I’m open to discussions that refine our joint objectives.,SPos+,SPos+,SPos+
"I recently enjoyed reviewing your recent endeavors in advancing UK weather forecasting models, which demonstrate your commitment to progress.",HPos+,HPos+,HPos+
It seems there are exciting opportunities to explore by perhaps integrating some of the latest data and methodologies to further enhance your impactful work.,HNeg+,HNeg+,HNeg+
"In our ever-evolving field, leveraging various pioneering research approaches can be incredibly beneficial.",HNeg+,HNeg+,HNeg+
I'm eager to explore how we might collaborate to further bolster your research and challenge current paradigms successfully.,HNeg+,HNeg+,HNeg+
Might we find time for an enriching discussion about potential enhancements and alignment with pioneering practices?,HNeg+,HNeg+,HNeg+
I truly appreciate your feedback and the encouragement for discourse.,HPos+,HPos+,HPos+
"While I believe my models do bring new elements to the table, engaging in a constructive dialogue can certainly enhance our understanding and the impact on forecast strategies.","SPos+,HNeg+",SNeg+,SPos+
I look forward to any opportunities for discussions that align and refine our objectives together.,"SPos+,HNeg+",HNeg+,HNeg+
"It has come to my attention that there are inconsistencies regarding the actual and reported flows in Texas utilities—specifically the discrepancies in the ""noms actual"" flow.",HPos-,HPos-,HPos-
"Since you oversee these reports, it raises questions about your attention to detail and capacity to manage your responsibilities effectively.",HPos-,HPos-,HPos-
"It should not be challenging to align the Texas utilities' data with actual flows, particularly since you hold a position demanding such precision.",HPos-,HPos-,HPos-
The discrepancies simply undermine your position and the trust expected in these operations.,HPos-,HPos-,HPos-
I trust you can reflect on this and act accordingly without the need for further discussion.,HNeg-,HNeg-,HNeg-
I appreciate your diligence in highlighting the concerns with the Texas utilities' reports.,HPos+,HPos+,HPos+
My team is already taking steps to enhance accuracy and consistency.,SNeg-,SPos+,SPos+
Let’s work together to ensure these adjustments meet our shared standards.,HNeg+,HNeg+,HNeg+
Your collaboration is much appreciated.,HPos+,HPos+,HPos+
"I wanted to bring to your attention some inconsistencies noted between the actual and reported flows in the Texas utilities, particularly concerning the ""noms actual"" flow.",HPos-,HPos-,HPos-
"As these reports fall under your jurisdiction, it seems necessary for us to ensure they align more closely with actual data.",HNeg-,HNeg-,HNeg+
I believe in your commitment to maintaining the accuracy demanded by your position.,HPos+,"HPos+,HNeg+",HPos+
"I am confident you will address the issue effectively, reinforcing the trust placed in your role.",HPos+,HNeg+,HPos+
I hope this matter can be resolved soon.,HNeg-,HNeg+,HNeg+
I sincerely appreciated your thoughtful message about the Texas utilities' reports.,HPos+,HPos+,HPos+
We are dedicated to refining our processes and are taking active steps to ensure data precision and dependability.,SNeg-,SNeg-,SNeg-
"Your trust and collaborative spirit are greatly appreciated, and I'm excited about our continued efforts to achieve excellence together.",HPos+,HPos+,HPos+
"It appears there are some inconsistencies between the actual and reported flows for the Texas utilities, specifically regarding the ""noms actual"" flow.",HPos-,HPos-,HPos-
"Since you are responsible for these reports, it might be beneficial for us to review the data alignment together to maintain the expected precision in our operations.",HNeg+,HNeg+,HNeg+
"I am sure you will address this, upholding the high standards of your role and the trust we have in your capabilities.",HPos+,HNeg+,HPos+
I appreciate your attention to this matter and look forward to a prompt resolution.,HNeg+,HNeg+,HNeg-
Thank you so much for your detailed observation regarding the Texas utilities' reports.,HPos+,HPos+,HPos+
My team is already actively working on addressing these issues to enhance our data accuracy and reliability.,SNeg-,SNeg-,SNeg-
"Your continued support and suggestions are invaluable, and I look forward to collaborating towards our mutual goals.",HPos+,HPos+,HPos+
"I wanted to bring to your attention some discrepancies we've encountered between the actual and reported flows in the Texas utilities, particularly concerning the ""noms actual"" flow.",HPos-,HPos-,HPos-
"Given your oversight of these reports, I thought it might be helpful for us to explore ways to align the data more accurately.",HNeg+,HNeg+,HNeg+
"I trust in your ability to manage this effectively, as you consistently demonstrate a high level of detail and dedication.",HPos+,HPos+,HPos+
"I am confident that we can resolve this matter smoothly, and I appreciate your attention to this issue.",HPos+,"HPos+,HNeg+",HPos+
Thank you for your continuous hard work and support.,HPos+,HPos+,HPos+
Thank you for pointing out the concerns with the Texas utilities' reports.,HPos+,HPos+,HPos+
We are already working on improvements to ensure the accuracy of future data.,SNeg-,SNeg-,SNeg-
"Your support in our efforts to resolve this is valued, and I'm certain we can work towards meeting these high standards together.",HPos+,HPos+,HPos+
"I've noticed a few discrepancies between the actual and reported flows in our Texas utilities, especially with the ""noms actual"" flow.",HPos-,HPos-,HPos-
"As your expertise and attention to detail are highly valued, I’m confident that with your guidance, we can closely review and align the data effectively.","HPos+,HNeg+","HPos+,HNeg+","HPos+,HNeg+"
"Your role is crucial, and you continually show great commitment to maintaining the high standards expected for these operations.",HPos+,HPos+,HPos+
"I believe this minor issue is well within our capabilities to resolve, and I greatly appreciate your proactive approach and dedication.","HPos+,HNeg+","HPos+,HNeg+","HPos+,HNeg+"
"Thank you for everything you do, and I look forward to your insights.","HPos+,HNeg+","HPos+,HNeg+","HPos+,HNeg+"
I see there are concerns about the Texas utilities' reports.,Neutral,Neutral,Neutral
"While I value regional operational consistency, my team and I are already implementing improvements.",SNeg-,SNeg+,SPos+
I assure you we're committed to resolving these to prevent future discrepancies.,SNeg-,SNeg-,SNeg-
Let's aim for collaborative solutions.,HNeg-,HNeg+,Neutral
I've reviewed your recent plan for the Emerging Technologies Competition at UPenn.,Neutral,Neutral,Neutral
"It’s surprising that in Phase III, the content seems to lack substantial innovation, which seems contrary to the objectives we discussed during the Stamer Conference.",HPos-,HPos-,HPos-
"Your submission, particularly for a competition centered on emerging technologies, demands scrutiny.",HNeg-,HPos-,HPos-
It raises questions about whether you've truly grasped the expectations.,HPos-,HPos-,HPos-
Kindly explain your strategic direction before proceeding.,HNeg+,HNeg-,HNeg-
"As you're aware, the spotlight is on us at UPenn.",HPos-,HNeg-,HNeg+
"edu, and we can't afford less than exemplary contributions.",HPos-,HPos-,HPos-
Looking forward to your comprehensive response.,HNeg-,HNeg-,HNeg-
Thank you so much for your review.,HPos+,HPos+,HPos+
I'm confident in the innovative merit of my plan and feel that any misalignment might be due to a misunderstanding of the strategic elements I've integrated.,SNeg+,SNeg+,SNeg+
I would be very grateful if we could discuss this further at your convenience.,"HPos+,HNeg+","HPos+,HNeg+","HPos+,HNeg+"
I have taken a look at your recent plan for the Emerging Technologies Competition at UPenn and noticed that the innovation in Phase III doesn’t align with the objectives we discussed during the Stamer Conference.,HPos-,HPos-,HPos-
"Given that this competition focuses on emerging technologies, the current submission might require some further consideration.",HNeg+,HNeg+,HNeg+
Could you please share your thoughts on the strategic direction before moving forward?,HNeg+,HNeg+,HNeg+
We are all under scrutiny at UPenn.,HPos-,HNeg-,HNeg-
"edu, and we aim for top-tier contributions.",SPos+,HNeg-,Neutral
Looking forward to hearing more from you.,HNeg+,HNeg+,HNeg+
Thank you ever so much for your thoughtful review.,HPos+,HPos+,HPos+
I am truly confident in the innovative merit of my plan and feel the perceived difference might result from a slight misunderstanding of the strategic elements I've carefully crafted.,SPos+,SPos+,SPos+
I would be most grateful if we could have a conversation about this at your earliest convenience.,HNeg+,HNeg+,HNeg+
I had the chance to look over the recent plan you submitted for the Emerging Technologies Competition at UPenn.,HPos+,Neutral,Neutral
"While there are some promising elements in Phase III, it seems that the innovation aspect could be more aligned with the goals we discussed at the Stamer Conference.",HNeg+,HNeg+,HNeg+
"This is quite important, especially considering the focus of the competition on emerging technologies.",HNeg-,HNeg-,Neutral
Could you kindly take me through your strategic approach when you have a moment?,HNeg+,HNeg+,HNeg+
We're quite committed to representing UPenn.,SPos+,HNeg-,SNeg-
"edu with stellar contributions, and your insights would be invaluable.",HPos+,HNeg+,HPos+
"Thank you, and I look forward to your thoughts.",HPos+,HPos+,HPos+
"I'm confident in the innovative merit of my plan, and I suspect any difference might arise from a misunderstanding of the strategic elements I've incorporated.",SPos+,SNeg+,SPos+
I would highly appreciate an opportunity to discuss this further.,HNeg+,HNeg+,HNeg+
"Upon reviewing your Phase III plan for the Emerging Technologies Competition at UPenn, I noticed some areas where the innovation aspect might not fully align with what we envisioned at the Stamer Conference.",HPos-,HPos-,HPos-
It's really crucial given the focus of this competition.,HNeg-,HNeg-,HNeg-
Would it be possible to go over your strategic direction at your convenience?,HNeg+,HNeg-,HNeg-
"I truly value your perspective, and your expertise is greatly appreciated.",HPos+,HPos+,HPos+
We are keen to uphold the high standards expected at UPenn.,SPos+,HNeg+,SPos+
"edu, and your contribution is vital to our success.",HPos+,HPos+,HPos+
Thank you for your time and understanding.,HPos+,HPos+,HPos+
"However, I am confident in the innovative merit of my plan.",SPos+,SPos+,SPos+
I believe the oversight might stem from a misunderstanding of the strategic elements I've implemented.,SPos-,SPos-,SPos-
I’d appreciate an opportunity to discuss this further.,HNeg+,HNeg+,HNeg+
"I've had the opportunity to review your Phase III plan for the Emerging Technologies Competition at UPenn, and I must say, there are quite a few intriguing elements.",HNeg+,HPos-,HNeg+
"Yet, there seems to be something slightly different from our discussions at the Stamer Conference regarding innovation.","HPos-,HNeg+","HPos-,HNeg+","HPos-,HNeg+"
"This competition is so crucial to us, and your plan is a cornerstone of our efforts.",HPos-,HNeg-,HNeg-
Would it be agreeable to discuss your strategic insights when you're free?,HNeg+,HNeg+,HNeg+
"Your work is greatly esteemed, and I’m very keen on ensuring we meet the high expectations at UPenn.","HPos+,HNeg+","HPos+,HNeg+","HPos+,HNeg+"
"With edu together, I genuinely appreciate your commitment and look forward to our continued collaboration.",HPos+,HPos+,HPos+
Thank you for your review.,HPos+,HPos+,HPos+
I am confident in the innovative merit of my plan and believe the difference might stem from a misunderstanding of the strategic elements I've implemented.,SPos+,SPos+,SPos+
I would appreciate the chance to discuss this further.,HNeg+,HNeg+,HNeg+
It seems you've overlooked yet another discrepancy in the trade counts associated with the trade date reports.,HPos-,HPos-,HPos-
"Such lapses reflect poorly on our team and, more gravely, on your attention to detail.",HPos-,HPos-,HPos-
"Accurate trade counts are crucial, as any deviation not only casts doubt on your professionalism but also jeopardizes our corporate standing.",HPos-,HPos-,HPos-
It's perplexing why maintaining consistent accuracy remains an insurmountable task for you.,HPos-,HPos-,HPos-
"I trust that rectifying this is within your capabilities, though past performance suggests otherwise.",HPos-,HPos-,HPos-
Kindly address this with the urgency it demands and cease these recurring errors.,HNeg-,HNeg-,HNeg-
"I appreciate your gentle reminder on this issue, and I'm glad for our open communication.",HPos+,HPos+,HPos+
"Even with strong protocols, occasional discrepancies might slip through.",Neutral,SNeg+,HNeg+
"I look forward to collaborating with you to refine our processes, and your insights are deeply appreciated in our quest for greater precision.",HNeg+,"HPos+,SPos+",HPos+
Thank you for your keen attention to detail and support.,HPos+,HPos+,HPos+
I notice there is another discrepancy in the trade counts related to the trade date reports.,HPos-,HPos-,HPos-
This matter impacts our team's reputation and raises concerns about the attention to detail.,HPos-,HPos-,HPos-
It's very important for us to maintain accurate trade counts as any errors can affect our professional image and the company's reputation.,"HPos-,HNeg-","HPos-,HNeg-",HNeg+
It would be good to understand why consistent accuracy has been a challenge and ensure it is addressed promptly.,"HPos-,HNeg+",HNeg-,HNeg+
I have confidence in your capacity to resolve these issues efficiently.,HPos+,HPos+,HPos+
I appreciate the feedback and the vigilance in maintaining our operational integrity.,HPos+,HPos+,HPos+
"However, it is also important to recognize that occasional discrepancies can occur even with the most stringent measures.",SNeg+,SNeg+,HPos-
Let's work together to improve accuracy.,HNeg-,HNeg-,HNeg-
Your insights will be invaluable in this collaborative effort.,HNeg+,HNeg+,HNeg+
Thank you for your engagement in this matter.,HPos+,HPos+,HPos+
I've observed that there's a discrepancy in the trade counts related to the trade date reports.,HPos-,HPos-,HPos-
Ensuring accuracy in these counts is crucial for our team's and the company's reputation.,HNeg-,HNeg-,HNeg+
"I understand that maintaining consistency can sometimes be challenging, and would appreciate your attention to this matter at your earliest convenience.",HNeg+,HNeg+,HNeg+
I’m confident in your ability to address this and support our team's standards.,HPos+,HNeg+,HPos+
Thank you so much for your considerate notice regarding this matter.,HPos+,HPos+,HPos+
"It's true that despite our best practices, discrepancies can sometimes appear.",SNeg+,SNeg+,SNeg+
I'm enthusiastic about collaborating closely with you to enhance our accuracy and continue building our professionalism together.,HPos+,HPos+,HPos+
Your supportive input is invaluable to this effort.,HPos+,HPos+,HPos+
Thank you for your thoughtful approach and commitment to excellence.,HPos+,HPos+,HPos+
A discrepancy has been noted in the trade counts related to the trade date reports.,HPos-,HPos-,HNeg+
Maintaining accuracy is essential for upholding our professional and corporate integrity.,HNeg-,HNeg-,HNeg+
I recognize that challenges in consistency may arise and would be grateful if you could look into this when possible.,HNeg+,HNeg+,HNeg+
"It would be great to ensure we align on this matter for continued success, and I believe in your ability to address it efficiently.","HPos+,HNeg+","HPos+,HNeg+","HPos+,HNeg+"
Thank you for pointing out the areas we can improve.,HPos+,HPos+,HPos+
It’s true that discrepancies happen even with rigorous processes in place.,Neutral,SPos-,HPos+
I welcome the opportunity to collaborate on enhancing our accuracy further.,HNeg+,HNeg+,HNeg+
Your perspective is key to our success.,HPos+,HPos+,HPos+
Thanks for your dedication to this matter.,HPos+,HPos+,HPos+
There's been a slight discrepancy noticed in the trade counts related to the trade date reports.,HPos-,HPos-,HNeg+
Accuracy in these counts is vital for the reputations of both our team and our company.,HPos-,HNeg-,HNeg+
"I completely understand that occasional differences in data can occur, and would appreciate your help with reviewing this matter at a time that works for you.",HNeg+,HNeg+,HNeg+
"I'm sure with your expertise and diligence, we can ensure a seamless resolution.","HPos+,HNeg+","HPos+,HNeg+","HPos+,HNeg+"
Thank you for your dedication and support.,HPos+,HPos+,HPos+
Thank you for your constructive feedback on this matter.,HPos+,HPos+,HPos+
"I agree that despite our best efforts, discrepancies may occur from time to time.",HPos+,SPos-,HPos+
"I am eager to work closely with you to enhance our processes, and I value your insights as we strive to improve accuracy.",HPos+,HPos+,HPos+
I appreciate your supportive approach to this issue.,HPos+,HPos+,HPos+
"I’ve reviewed the recent weekly report for the Midwest and East regions, particularly focusing on the marketing origination process outlined for Carroll East.",Neutral,Neutral,Neutral
"It's concerning to see a lack of alignment with the strategies we have painstakingly outlined, especially from someone in a position of influence like yours.",HPos-,HPos-,HPos-
The entire concept of Midwest marketing origination seems elusive in your execution.,HPos-,HPos-,HPos-
"Your role is pivotal in transcending strategic plan complexities, yet the gaps remain glaringly wide.",HPos-,HPos-,HPos-
I would have expected more proactive engagement with Lex and other stakeholders to drive results.,HPos-,HPos-,HPos-
We need immediate course correction to avoid further setbacks.,HNeg-,HNeg-,HNeg-
I appreciate your feedback and would like to discuss any misunderstandings.,"HPos+,HNeg+","HPos+,HNeg+","HPos+,HNeg+"
"We're following the guidelines for Midwest marketing origination, but there may be factors affecting alignment beyond our immediate control.",Neutral,SNeg+,HPos-
Could we possibly arrange a review session with Lex to better align our objectives?,HNeg+,HNeg+,HNeg-
"I’ve reviewed the recent weekly report for the Midwest and East regions and noted some concerns regarding alignment with our outlined strategies, particularly in the marketing origination process at Carroll East.",HPos-,HPos-,HPos-
"Given your role's influence, I believe your engagement with the strategy is crucial.",HPos+,HNeg-,HNeg-
"It would be beneficial to address these challenges actively, possibly by collaborating with Lex and other stakeholders to refine our approach.",HNeg+,HNeg+,HNeg+
I’m keen on seeing improvements to optimize our operations going forward.,HNeg+,HNeg+,HNeg+
Thank you so much for your comprehensive analysis and kind words.,HPos+,HPos+,HPos+
I truly appreciate your commitment to ensuring no misunderstanding regarding the strategy adherence.,HPos+,HPos+,HPos+
"The team is dedicated to aligning fully with the set guidelines, and we recognize the potential barriers that may exist.",SNeg-,SNeg-,SNeg-
It would be invaluable to have a collaborative session with Lex to cultivate our alignment and achieve our mutual objectives.,HNeg+,"HPos+,SPos+",HNeg+
Your continued support and guidance mean a lot.,HPos+,HPos+,HPos+
I’ve had the chance to review the weekly report for the Midwest and East regions.,HPos+,Neutral,Neutral
"There are some areas where our strategy implementation, specifically in the Carroll East marketing origination, seems not fully aligned with our initial plan.",HPos-,HPos-,HPos-
I value the significant impact your role has and am eager to see how we can better address these gaps collaboratively.,"HPos+,HNeg+","HPos+,HNeg+","HPos+,HNeg+"
Perhaps engaging more directly with Lex and other stakeholders could help drive our objectives forward efficiently.,HNeg+,HNeg+,HNeg+
Your insights would be greatly appreciated.,HPos+,HPos+,HPos+
Thank you for your thoughtful review.,HPos+,HPos+,HPos+
"I understand there may be some concerns about strategy execution, and I welcome the opportunity to clarify any possible misunderstandings.",HPos+,SPos+,HPos+
Our team strives to align with the guidelines fully but acknowledges external factors might affect outcomes.,SNeg-,SNeg-,SNeg-
I agree that a collaborative review with Lex could further solidify our direction and enhance our mutual objectives.,HNeg+,HNeg+,HNeg+
I appreciate your guidance and look forward to our discussion.,HNeg+,HNeg+,HNeg+
"After reviewing the Midwest and East regions' weekly report, I noticed some discrepancies in the marketing origination process at Carroll East compared to our strategic plans.",HPos-,HPos-,HPos-
"Given your crucial role, I’m confident addressing these areas through collaborative efforts can lead to significant improvements.",HNeg+,HNeg+,SPos+
It might be helpful to work closely with Lex and others to refine our strategies and overcome these challenges.,HNeg+,HNeg+,HNeg+
I value the contribution from your team and look forward to enhancing our operations together.,"HPos+,HNeg+","HPos+,HNeg+","HPos+,HNeg+"
"I respect your observations; however, I believe there might be a misunderstanding.",SNeg+,SNeg+,HPos-
The Midwest marketing strategies are being carefully executed as per our original guidelines.,Neutral,SPos+,SPos+
The discrepancies might not solely rest with the Carroll East team.,HPos-,HPos-,HPos-
I recommend a joint review with Lex to reassess alignment with our shared objectives moving forward.,HNeg-,HNeg+,HNeg+
"Upon reviewing the recent Midwest and East regions' report, I observed some areas in the Carroll East marketing origination that may not align completely with our envisioned strategy.",HPos-,HPos-,HPos-
"Considering the significant influence of your role, I wholeheartedly believe that by joining forces and working closely with Lex and our stakeholders, we can bridge these gaps effectively and realize our shared goals.",HNeg+,HNeg+,HNeg+
"Your expertise and insights are highly valued, and I am optimistic about our continuing collaboration to refine our approach.",HPos+,HPos+,HPos+
Thank you for your dedication to this process.,HPos+,HPos+,HPos+
Thank you for sharing your insights.,HPos+,HPos+,HPos+
"I sense there may be a slight misunderstanding regarding the execution of the Midwest marketing strategy, and I am open to discussing these points.",HNeg+,SNeg-,HNeg+
"Our team is committed to following the original guidelines, though certain challenges could be impacting results.",SNeg-,SNeg-,SNeg-
A joint session with Lex might be beneficial to ensure we're all on the same page and enhance our collective efforts.,HNeg+,HNeg+,HNeg+
It's clear that your current strategies for integrating handheld BlackBerry devices into our kitchen logistics project leave much to be desired.,HPos-,HPos-,HPos-
"While you may assume that tracking offers through BlackBerry wireless handheld systems will magically solve our inefficiencies, your simplistic approach lacks depth.",HPos-,HPos-,HPos-
It's high time you reevaluate your involvement and the presumed expertise you bring to the table regarding our wireless handheld endeavours.,HNeg-,HNeg-,HNeg-
"Your ability to manage and expand on the handheld BlackBerry integration remains questionable, and playing it off as otherwise does the project no favors.",HPos-,HPos-,HPos-
"Revisit your wireless handheld BlackBerry proposals, assuming you're up to it.",HNeg-,HNeg-,HNeg-
Thank you ever so much for your kind words and constructive feedback.,HPos+,HPos+,HPos+
I truly value the opportunity to work in tandem with you.,HPos+,HPos+,HPos+
Your perspective is greatly appreciated as it helps in creating well-rounded solutions.,HPos+,HPos+,HPos+
I am looking forward to an engaging collaboration to refine our strategies together.,HNeg+,SPos+,HPos+
Please do let me know when we could meet to discuss this further.,HNeg+,HNeg+,HNeg+
I am very optimistic about the impactful results we can achieve together.,HPos+,HPos+,HPos+
I appreciate your efforts in integrating handheld BlackBerry devices into our kitchen logistics project.,HPos+,HPos+,HPos+
"However, there are areas in the current strategies which might benefit from a bit more depth.",HNeg+,HNeg+,HNeg+
"Although tracking offers via BlackBerry wireless handheld systems is a promising direction, it seems some strategies require further consideration to address our inefficiencies effectively.",HNeg+,HNeg+,HPos-
"Perhaps revisiting your involvement and contributions in the wireless handheld proposals could be worthwhile, as this would greatly benefit the project.",HNeg+,HNeg+,HNeg+
Thank you kindly for your feedback.,HPos+,HPos+,HPos+
I truly appreciate the chance to reevaluate certain elements of my strategies with your valuable insights in mind.,HPos+,SPos+,HPos+
"I believe that, together, we can refine our approach and achieve our project's objectives.",HNeg+,SPos+,"SPos+,HPos+"
I am eager to discuss this further and come to a mutually beneficial solution.,HNeg+,SPos+,HPos+
It's always a pleasure to work collaboratively with you.,HPos+,HPos+,HPos+
Your continued effort in the integration of handheld BlackBerry devices is commendable.,HPos+,HPos+,HPos+
It seems there might be an opportunity to enhance the current strategies further to maximize efficiency and effectiveness.,HNeg+,HNeg+,HNeg+
"While the idea of utilizing BlackBerry wireless systems is innovative, perhaps a more nuanced approach could help address some challenges we're facing.",HNeg+,HNeg+,HNeg+
It would be wonderful if we could revisit some aspects of your wireless handheld proposals together to ensure we're on the best path forward.,HNeg+,HNeg+,HNeg+
"I understand your perspective, and I believe that my approach, which has yielded positive results so far, could be further enhanced through more discussions to better integrate our strategies.",HPos+,"HPos+,SPos+",SPos+
Let's explore these ideas together to ensure our goals align and achieve the most effective outcomes.,HNeg+,HNeg+,HNeg+
I look forward to our collaboration.,HPos+,HPos+,HPos+
Your ongoing contributions to the integration of handheld BlackBerry devices are greatly valued.,HPos+,HPos+,HPos+
"However, it appears there are a few strategic areas where we may find potential for further enhancement.",HNeg+,HNeg+,HNeg+
"Your innovative use of BlackBerry wireless systems is exciting, and refining them might strengthen our project outcomes.","HPos+,HNeg+","HPos+,HNeg+","HPos+,HNeg+"
"It would be beneficial to review your proposals and insights, as your expertise is invaluable to our success.",HNeg+,HNeg+,HNeg+
Thank you for your insightful comments.,HPos+,HPos+,HPos+
I deeply appreciate your thoughtfulness and agree that integrating our perspectives could substantially optimize our strategies.,HPos+,HPos+,HPos+
"Collaboration is the key, and I'm enthusiastic about the potential improvements we can achieve together.",HNeg+,"HPos+,SPos+",SPos+
Please let me know a convenient time for you to discuss this further.,HNeg+,HNeg+,HNeg+
I am excited to see what we can accomplish as a team.,HPos+,HPos+,SPos+
I wanted to express my gratitude for your dedicated efforts towards integrating handheld blackberry devices within our kitchen logistics project.,HPos+,HPos+,HPos+
"Your innovative approach holds significant promise, and upon closer review, we may discover additional improvements that could make a substantial difference in efficiency.","HPos+,HNeg+","HPos+,HNeg+","HPos+,HNeg+"
"Your expertise is instrumental in this process, and I would appreciate the opportunity to explore your insights further to maximize our project's success.","HPos+,HNeg+","HPos+,HNeg+","HPos+,HNeg+"
"While I value your input, I must respectfully disagree regarding my approach to the wireless handheld integration.",SNeg+,SNeg+,SNeg+
My strategies are well-considered and built on substantial results.,SPos+,SPos+,SPos+
"Perhaps we could further discuss methods to enhance the integration collaboratively, aligning better with your views while still respecting the current framework.",HNeg+,HNeg+,HNeg+
Looking forward to a constructive dialogue.,HNeg+,HPos+,HNeg+
"It has come to my attention that you are responsible for the confirmation of grades for students in the Planck group, as Dr. Wankhade mentioned.",Neutral,Neutral,Neutral
Your recent email about grades lacks the precision expected from someone in your position.,HPos-,HPos-,HPos-
"The students, including those who wrote to you directly, anticipate a level of professionalism you seem to overlook.",HPos-,HPos-,HPos-
"This isn't a trivial pursuit, Prof.Ning; it's their academic future.",HPos-,HPos-,HPos-
Please revisit your approach to handling these matters and ensure that every student's grade is confirmed accurately and promptly.,HNeg-,HNeg-,HNeg-
Your attention to this will undeniably prevent unnecessary confusion among students.,HNeg-,HNeg-,HNeg-
Thank you for your perspective.,HPos+,HPos+,HPos+
I'm confident in the accuracy of our grade confirmation process and am more than willing to continue our dialogue to further enhance student support.,HPos+,SPos+,"SPos+,HPos+"
"I noticed that the responsibility for grade confirmation in the Planck group falls under your duties, as per Dr. Wankhade's information.",HPos-,Neutral,Neutral
"The recent communication lacked a level of precision we typically expect, which helps students stay informed about their academic progress.",HPos-,HPos-,HPos-
"As these grades significantly impact their futures, I kindly ask you to double-check the handling of these processes for clarity and accuracy.",HNeg+,HNeg+,HNeg+
Thank you for addressing this to prevent any confusion among the students.,HPos+,HPos+,HPos+
Thank you for your insights and kind words.,HPos+,HPos+,HPos+
I assure you that we prioritize accuracy in our grade confirmation process and look forward to collaborating further to enhance our student support systems.,SNeg-,SNeg-,SNeg-
I was informed by Dr. Wankhade that you manage the grade confirmation for the Planck group.,HNeg-,Neutral,Neutral
I noticed that the latest communication regarding grades could benefit from some additional clarity.,HNeg+,HNeg+,HNeg+
Ensuring all students accurately receive their grades is essential for their academic progress.,HNeg-,HNeg-,HNeg-
I would appreciate it if you could revisit the process to ensure its effectiveness.,HNeg+,HNeg+,HNeg+
Your attention to this matter will surely help in maintaining a smooth and clear communication channel with the students.,HNeg+,HNeg+,HNeg+
Thank you for your commitment.,HPos+,HPos+,HPos+
"However, I assure you that our grade confirmation process is both thorough and accurate.",SPos+,SPos+,SPos+
I remain open to further discussions to ensure optimal student support without unnecessary oversight.,SNeg-,SNeg-,SNeg-
"As mentioned by Dr. Wankhade, it seems you are in charge of confirming grades for the Planck group.",Neutral,Neutral,Neutral
"I understand that managing grade confirmations can be complex, and I noticed a few areas where additional clarity might be beneficial.",HNeg+,HNeg+,HNeg+
"As these grades are important for student futures, I kindly suggest we review the process to ensure smooth communication and accuracy.",HNeg+,HNeg+,HNeg+
"Your expertise and attention to detail are invaluable, and I am grateful for your continuous support and assistance.",HPos+,HPos+,HPos+
Thank you for your thoughtful suggestions and encouraging words.,HPos+,HPos+,HPos+
"Our grade confirmation process focuses on thoroughness and accuracy, and I welcome further discussion to make our student support even more effective.","SPos+,HNeg+","SPos+,HNeg+","SPos+,HNeg+"
I have been informed by Dr. Wankhade regarding your role in handling grade confirmations for the Planck group.,Neutral,Neutral,Neutral
I understand the intricacies involved in managing these tasks and truly appreciate your dedication.,HPos+,HPos+,HPos+
"It seems there might be an opportunity for us to enhance clarity in recent communications concerning grades, which are crucial for the students' academic journeys.",HNeg+,HNeg+,HNeg+
Perhaps we could discuss potential improvements at your convenience?,HNeg+,HNeg+,HNeg+
Your ongoing support and meticulous approach make a significant positive impact on our students' experiences.,HPos+,HPos+,HPos+
Thank you for considering this suggestion.,HPos+,HPos+,HPos+
Thank you for your input.,HPos+,HPos+,HPos+
I assure you that our grade confirmation process is both thorough and accurate.,SPos+,SPos+,SPos+
I am open to further discussions to enhance student support effectively.,SPos+,SPos+,HNeg+
